QuerySeq	SubjectSeq	QseqLength	SseqLength	Pident	Evalue	QCover	SubjTitle	Species	Genome.composition	FullQueryLength
Contig4	YP_003864102.1	6839	870	50.2	9.52e-278	37.2	YP_003864102.1 pol protein, partial 	Simian retrovirus 4	ssRNA-RT	TAATCTCTCTCCAGGTATTCCTACCTAACCTTAACTTTTCCTCGGGTTCAAGACCCTTGGAAAGGCCTGTATACTTATTTTGTGTACCATATTTCCTCTTTGTTCCTACTCTCTCTCCCCGCTTTACTTCTGATAGCTTGTCCTGAATTTCATCTAGAATCCGCCCTATCTTAATCACTTGATAACATGTGAAAAGGAACAAAAGGGCTCCTAACACCAGAAAAAATTCAAGGCCAAACATATTCCACTTTACTTCTGATAGACTGTCTTGAATTTCGTTAGAAAGTTCAAGACCAGACTTACCTCGTAAAGCTGTACTCACTGGTACTCCCGTTCCCCAGCTGAAAAGTTCTGAATTCATACAGTTGAATCCTTCTCAACAGTCTGCTTTACGGGAACCTTTATTACCGCGACCCGCAGTTCTGGTTCCGGAATGAGGGATCTTCCTTGCGCCAGTCCCGAGTTTTTTTCTCGTCCCGGAATTCGGCACCAATTGTTATTAGACGCGTTCTCACGACCGGCCAGGAAGAACACCACAGACCAGAATCTTCTGCGGCAAGGCTTTATTGTTACATCTTCAGGAGCAGAGTGCAAGAAGCAAGAGAGCAAGAAGCAAGAGAGAGCGAGAAGCAAGAGAGCGAAAAAGCAAGAGAGAGAAGCAAGAGAGAGAGAGAGAACGAAACCCCGTCCCTCTTAAGGAGCATTCTCCTTCGCCTCGGACGTGTCACTCCTTGATTGGCTGCAGCCCATCGGCCGAGTTGACGTCACGGGGAAGGCAGAGCACAAGTAGTCATAAGATACCCTTGGCACATGCGCAGATTATTTGTTTACCACTTAGAACACAGCTGTCAGCGCCATCTTGTAACGGCGAATGTGGGCGCGGCTCCCAACATCTCCCCCTATCCTTTTAATAAGAGCAAATAGGCCACCCATATTAATGAGAGTGGAGATAGAGGTCAAATCCCCAGTGTGTAGGTAAAGGAGCCATGTACAGGATTAGCTCTTAGGCTTACAGGCTTTTACCCAGAGCAACCCTGACCTGCTCCCGTGTCGTTTTGCCTGGGGGAAGGGAACTAGGACACTGAACCTTCATGAAAGATGACATGTCTCCCTAGAATAGGCTCATATATGCCGCAGAGCCTTTCCATTGCAGTGCTTAGCCTTGCAACTCTCTCGGGCTGCTGAAGCACACTCACTCTATCTCGTGCAATGAGACTAGCCTCGTGAGATATAAGAGCTGAGTGGCCAGCGACCTATTGCCTAAGCATAGATATATCAGGGGAAGCTCCATGTTCTAGTCCTGCAAGCGCCTGGGCAATAACCACCTTGTCTCTCCTAGTTTGGGCCTTAAGCTTACAGACCAATCAAAGAAGCAACACTAATCCACAGCAAAGTGTATCTCCAAATAATATTAATCCCACCCATTTTTTAAAGAAAGAAAATGCTGAGGAGATCCAATTGGGTAATCCTTTGGTCAGGGACAGGTCCAAGCGCGTGGAGTTGACCTGAAGTCTCAATTCCCGAAGGATCTGTTCAAATTCAGCCATCCAATTCTGTAACATATACTGAAAAAGACTTTTTGACAAATTAGCTGCCCTAGTAAATTTAACATACTGAATGGAAATAACACACAATCCCGGAAACTTTTGTTCACATCCCTGCTGAGTTATTTGTCATAATACATCTAGTTGTATCTGGACAAGATCTATGAGTTGATTAACCAGCATGAGACCTCTCTGTATCTTGACATTAGCTGAGGCCTGTTCATCTATGACTGTAGTCACTGAGGCTGACAAAGTGTTAATGGTGTCAGTCATCTGGACCTGTCCAGACAGAGCCAAGGCTGTCTGAATTAAGGCCAAACCCAGTTCCTAGTTAGTGGTAAAAAAGCAGGAGAATACTTGAGCATTATACATCACCGTCATTGGGAGTGGAAATGTCGACATTATCCCCCAACGCTGCTCTCTCTTTATTATTGACGCCCTGGACATCACCAAGACGAGGGACATTAGTATTCCCTTGGTCAGTCTGGATTTTTCGGGTGAGTCTTTCTGGTACCCAAAATGGGTTGTCTTCATTCTGTGGGAAAACACAGATAGCTCCCCTGGATCTTATCAAAATAGGATCCGGGCCATACCATTTATTATCAAGGACATTTTTCCATTTAACCATCTCATTGGGCCTATCTGGCTCTGAACAATGACGTTCAGCCGCAGTATGGCCATGAGCATCAATATTTAAAAAATTGAGTGTAAAGAGTGCCAAAGACACCGACACTCTTGGTGCTCGGGGTAAAATCTCTTCAAAAGTTCCCCTCTTCTGTTTTATAAGATAGGCTTTGAGGGTGCGATGCGCACGCTCAACAATACCCTGTCCTTGAGGGTTGTATGGAAGTCCAGTCAGGTGGGTCACGTCCATCTGACGGCAGAACTGTTGGAATTTTTGAGACGTATAAGCTGGTCCATTATCAGTCTTAAGGAGTCTGGGTTTCCCCCAAGCACTCCATGCCTCAAGACAATGTTGAATCACATGTGAGGCTTTTTCTCCGGTTAACGGAGAAGCAAACATGATGCCAGAACATGTGTCAATGGACACATGGAGATATTGAAGTTTTCCAAAGGAAGAAACATGTGTAACATCCATTTGCCAGACCTGTAGAGGTCGAATACCGCGTGGGTTAATTCCCACATGAGGAACTGGCAAGAACTCACAGCAGCTTTGACATTGAGTAACAATGTCACGGGCTTCTTTTCTTGTCAAGGAGAAACGACTGCGTAATGTTTCAGCCGTCACATGAAAATTGTTATGAAAATTTCTTGCAGCCTCTACCGGGGATGATAGGGCAGCAGCCACCACTTTAGTGGCCTTATCTGCCAAATCATTTCCCAGAGCCATGGGGCCAGGTAGGCCTGAATGGGCTCTAACATGAGTAATATAAACAGGAGATCTTCTAGATAACAAAACTAATTGTATCTGCTGAAAAATATTGGCAACTCTACTGGAAGGCTTAATCACTCCAGCCACTTCTAAAAGATTTACTGCATTAACCACATAACAGGAATCTGACACAATATTAAGGGGTTCTAAAAAGGTTTTTAAAACTTCTAAGACCACTAAACATTCTACCACTTGAGGTGAATTTTCATTATATTGTTTGGATACCACTTTACCATTAGCCACATAGGCACCTATGCCAGTTTTTGATCCATCAGTATATACCACAATCCCATTTTTAAGTGGGTTTCTTACTGTTATTTGTGGAAACACAACAGATTGATTTTGGGCAAACTGTAAGATTGGATGTTTTGGATAATGGTTATCTATTTTTCCTGAAAAGGAGGTAACTAAAACTGCCCAATCATTAGATGCGGCTGCCAAGGTTTGAACCTGTGCAGCGGTATAAGGTACAATTAAAAGATATGGACTTTGCCCAAAGTGGGTGATTGCTGCTTTTAGGCCTTTAAGGGCAAGCTGTGCAATTGCATCAGGATACCAATCTATTATTTTAGCTGGGGATACGTTTGGATGGATCCACAACAATGGCCCATTCTGCCACAAAACTGCAGTTGGCAATTGTGCTGTCTTAAAGACACACAAACTGAAAGGTTGCGAATCCTCAATACGTTGTAATTGTGCATTCTGTAAGGCCTTTTCCACTTTTTGTAAGGCCTGGTTAGCAGCTAGAGTAAGAGTCCTAGGGGAGGAGATATGAGGATCTCCTTCTAAAATACCAAACAAAGGCCTTAACTCAGCGGAAGGAATCTTTAAAAAAGGTCTGAGCCAATTAATATCTCCCAACAGCTTTTGAAAATCATTTAAGGTATGGAGGTGATCTCTTCTTATCTCTACCTTTTGGGGCACAATCTTATCTGGGGACACCACAGAGCCCAAGAATTGTCCTGTATCAGAAATTTGGACCTTTTCTGTGGCTATCTGTAAACCCCACTGACTTAAAGTTTTAAGTAGAAAAGGATATGCCTTTTGTAGCATGGTAAGGTCTTTATGGCACAGGAGGATGTCATCCATGTAAAGGAGCAAAATTAAAGAGGGGAATTGTTCCCTCACTGGCAAAAGAGCTTCTTGCACATAAAGTTGACACATAGTAGGACTATTGGACATTCCCTGTGGTAAGACCTTCCATTGATACCTCTTATCAGGTTCCATGTGATTAATAGAGGGGATGGTAAAGGCAAATCTGGGCCTATCTCTTGGACACAAAGGTATAGAAAAGAAACAATCTTTAATATCTATAATAATTAAATTCCAGCCACGTGGTAAGGCGGAAAGTACAGGGAGACCCCTCTGTACTGGGCCAAATAAGTTCATTTGCTCATTAATGGCTCTGAGGTCATGGAGCAGTCTCCACTTTCCTGACTTTTTCTTAATTACAAAAATTGGAGTATTCCAAGGTGAGGTAGAGGGTTCAATATGGCCTAGTTTTAATTGTTCCTCTACCAGTTGAATCACAGCTTCTAGTTTTTCAGAGGATAGGTGCCATTGAGGAACCCACACTGGGTCCCCTGTTTTCCATGGTATGGGTCGTGCTGCCCCAATGGCCGCTAAGGAAAACCCAGACCCTGTCTGTCTTGGTTTCCATTAGGTGAGATGGGCTCTATCCTTCCCTGTTCTTGATGTCCTAACCCTTTTCCTTCTTTATAACCCATCTTTGCCATGATATTTTTTGCTTTAGCTGAATACCCTCCCGATGGGGCGTTTTCATTGGACAAAATAAGGCCCAAATGCTGCATAATATCCCTTCCCCAGAGGTTAACCGGGAGTGGGAGCACATAAGGTATGAATTTCCCTTGCTGTCCTTCAGAGGATTCCCACGTCAAGGCAACGGAGCTTATAGTGGGACATGATTGATATCCTAGGCCCTGTAATGAATGAGATGACTCTGTGGTGGGCCATGCTTTGGGCCACCAATGTGTAGAAATTATACTTTTATCTGCTCCGGTATCAAGGATGCCTTCAAACTCTTTTCCGTTGATCTTAAGGCGGAGCTTAGGTCTATCATTTAAAGATACAACCAAATAGGCAGAATCATTTCCTGAGGAGCCCATTTTCTTTATCTCAGGTCCTGCAAATTTCTCCCTGGTATTATCAGGGAGGAGCAGCAGCTGAGCTATCCTATCTCCTTTACTAATAGAAAAAACGCCCTTAGGGCTTGAGCACAGGACCTGTATTTCAGGGGAATGTTGACAATCCATAACTCCAGGGTGGACTACTAAGCCCTGCAAGGTGAGTGAACCCCGGCCGAGAATAAGGCCCATGGTTCCCGGGGGCAAGGATGGTATAGGCTCCACCGGCACCGGCTGAATACTCATTTGAGGCATTAGTAGGAAGTCGGAGGCGGCACGCAGGTCCACCCTTGTGGGTCTTCCTGGGTCGCCTCTCTGACTGCTTCCTGGGTCCTGACAAACCGGTTCCCATATCTTTGAGGGCCCTGGGACCGAGGGCCCGATGACCCGTTTTTTGGCACATCAGTTGATTGACTATCAGGTGGGGGAAGAATTCTGCCCTTTATATCCCTCACAGAGCGACACTGGTCAGCTCTATGATAACCCTTGCCACACTTAGAGCAAAGAGTGAGAGTCCCTCCCTGTTTATCTGGAGCTCTGCAATCTTTCTTAAAATGCCCAGGCTTTCCGCAATTAAAACATGTCCTCTGATCATTTCTGCTCATGGAGCGGTTCTGAGATTGGAGGATGGCGGCCGCTAAGCCTGCATTGGTAAGAGGTCCCCCAAGCTCTCGACAGACCCTGAGCCAGTCTTGTAAGCCTTTGTTCTTTCTTGGGGCTATGGCCGCTCGGCACTCCTTTGTGGCTTGCTCATAGATTAGCTGTTCTATCAGAGGCGCAGCTTGCTCTGACTCTCCAAAAATACGCTCTGCTGCCTCTGTCATTCTGGCCACAAAATCTGAGAAGGATTCCTGAGGTCCCTGGATTATCTTTGTTAACTGACCAGTGGTTTCACCTGCTCGAGAGAGCGCCTTCCAGGCCCTAATAGCCGTGGAAGAAATCTGGGCATAAGCTCCCCAATGGTAGTTTGTCTGATCAGCAGAATAAGCTCCCTGACCCGTTAACAAGTCAAAAGTCCAATCTCTCTGCTCTGGAGTTAAAGCAGCAGCGTTTGCTCGGGCCTGCGCCTGTGCCGCCTCCTGCCACAGAGCTCGCCATTCCACATATTTGGCCATACTAGGGAGAGCGGCTTTTGCAATCATTTGCCAGTCGGCAGGAGTTAGTGCCATGCTGGCAAGCCTGTCTAACTGCACCAAGGTAAAATTAGCATTGATTCCATATTTAATCTGCACATATTCTACCGGAGCGTGGACACGCCCACCCTCGGCTCCTTCAAAGACTGGAAATGCCTGTTGTATTTTCCTTTGTTCCTCTCGGGGAATGAATGAGTCTGCGCACTGCCTTTCTGCGCACTGCCTCTCTGCGCATTGCTGACGCACTACGGGCTGACGCACTACGCAGGGCGGGGACTCCGCATAGGGCGGGAGTGCACCTGGTAGCCGATTGCCCTGAGGCCAATTAGCAAACTGGCCTTCGCCAGCCGCTTTTGGCTTTTTTCTTGACCGATTAGCTGGCTGGTAATGGGCTGCTTCTTCCTCCCAGTCTGTTTCCTCAGAGGAGGATTCTTCATCTGCTTCAGAACTACTAAGAGCTGGCTTCCTGAGCTCATCTAGTGACGAGTATCTCCTAGAGACCTCCGCTAATCGATCTTTTTTCTTCTCCCTTTTTCCTCTTTTTCTTCTAATCTCTCTCCAGGTATTCCTACCTAACCTTAACTTTTCCTCGGGTTCAAGACCCTTGGAAAGGCCTGTATACTTA
Contig7	YP_004869992.1	5670	603	98.8	0.0	31.9	YP_004869992.1 P1 	Brassica yellows virus	ssRNA(+)	CTCCCAGCGTAGAACACTCGTTGCCTATCCGCGAAGCGGAGTCGTTCCAGTTTAATGTCTCTGGCTTGACTTTATTAGCTAAACATTAATAAAGCTAGATAAGGGTAGTTTTGATTTTCGCCTCGTATCACTACCAACGAGCACAGTTGAGTACTGTGGAAACTATTTTCTGAAAGAGAGGAAACCTTTCTTAATTGGTCTACCATATTTATCAAGGTTGACTCCAGCGTTCTTCATCAATTTACGTTGAGAAGGATCCATCTCCATGAGCTCACCATCGTCACGTGGTATTAACGCGCTTCCGGGTCTTTTCAAACTTTTGTGATACTCAGAGAGATCCTGTTCATACTGGAGTCTCGACTCATCTTTCATTTTCGCCTGCTCATACTCGTCCGGTGTAACCGGCTTCAGTTTTCTGAGACTGCCGCCAGCAAGTGAACCTCCTGTTAAGGATGATTGTCGGGAACGCGTGTCCTCGCCGACAAGGGCTTTATGGGAAGATTTGAATCTTTCAACTTCAGCCCAAGGATCTGTGTCCTTATGGTCCGCTCTCGGAGGAGGTGAGTCAGGTATTTCCAACAAGGAGGGGTCTACTACAATTCCTCTATCTCTGAGAAGATCGTCGTTCTGAACCTCACGGGGTTCCTCGAAGTCCTCAGGAAGAAACATTCGAGTCCCGGGTGTGAAATCCCATTCCTTGTTGTCCTCAGAACCAGCATCTGAGAAACCTTGTTTAGGTTGAGTTTTAAAGTCTTGTCTTTGACTGGTTATGGATTTCTCGGAGTTTTCCTTCTCCGGTAAGTTTATAGTCTCCCAGGTTGAGACTGCCTTCGAGTGTCCTTCTCGACGAGGTCTTTTCATAGCGGAACCTCTGGATCCGTCTTTCTCATCCAAAGAAACGGAAATCAAGCCCAACTCCATATCACGATCTGTCCACGCTCCGTATGAAACGGCGTAGTTGTACTTCGACTGTTTTTGAACAGCGGGACCGACCAGAAAGAACGATGCGTCCGAACCGGTAGTCTCTACGTGAAAGGAGATTGTACCATCCATCTCTAGAACCTGTCCCTGATTGAAGTGGCAATTGTTAATTTCCATATCAGGGTGTCCATACTTCCAGGAGTTGTCCGCTTTCAGGTTAGTGATGTTACAATTTTGATTTATCCCAACATTCCACACTTCTGATTGATCATCAGAATAGGCAATCATGCCATCAACTTTTCCCTTATTAGGATCGGTGGTACTAGCTGTAGGTTGATAACCTTCCGTTGATATCTCGACCGACCACGCTCCTTCCGGGACCGGAAACACATACATGGGAACCGCTTTGACGTTATTACTTGAATACCAGCGGGCGTCCACGTTGGTCCAGTTCATGTTTTCATTCTCAATGTACCGGAGGCGTTGGGAGCCCAAATCATACAGATAAATAGAATCATCCGTTGTTTGGGCTTTAATCAGAGTTCTACAGACGCCAGTATAAACTATCCATCTGTACTCTTTAGTTGGTGTTGGTGTTGGTTGGGGGCTTGGCCCTGGACTGGGGCTAGGTTCCTCGTCTACCTATTTGGGATTGTGGAATTGGCACTTTATGGTGATTCTGAAAGAACCAGCTATCGATGAAGAACCATTGCCTTTGTAGAGGATCCTGAATTGGTCCTCGGCAACGTCATGCCATTCGATCCCATTGATGAAAGACGCTGTAAACGTTTTCCTCCCGGGCTTTGTGATCCCGAATTTATTAATCGTTGAGGAGAGTGAATTGAGTTTACAGTGTGGGTCCAGCTCGTAAGCGATGGAACCGGAATTTTGGGAAGAGGCTTCGGAGACGAACTCCAGAATGACCATTGAGATTTTATACTCATGGTAGGCCTTGAGTATTCCATTAGAGAATGCCGGGCAGTCTGATAGACTCGGCCCGAACGTGATTGCTCCGCTGGAACTTCCCGCGAGATTGTCTTTTGAGAAAACAAATGTCTCGCTTGAACCTGCTCCTCTGGTAGGAACAGTTCTTCCTGTCCGGTTGTTACCTCTTCGTCGTCGTCTAGGTCGGCGTTGTGTTGTCCGAGAGGCTTGGACCACAACCACTGGCTGATTTCGCTGAATGCGCCTTGTTTGCCTGCGTGGTCGTCTTCTTCCATTGATTGTTCTTCTACCCACGACCGTATTCATTAACGATTTCGCGTACGTGTTTAGAGATTCTTAGGTAGATGAAATAGATACTGATCACGGATATTGGTATCGATGAAACGAAGCCTGCGGTGAAACCTGCTAGGAATTTGTAATCCGTTGTATCTTTGAGTGGTTTTACTTAAGTCTCTTACTGTTGCAGAAAACTCTTTAGAATTTCAATGTAAGCTGACTGGTATGCTTCTTTACTCCCTGGATATCTTTTGTGGTAGCACTGGGTCGACTAACCACGAGTAAAGAAGTTCAACGGACGCTGGATCATGCCGCAACTCGTTCAGAACTGAGAAACAAGCGGCTAAGTAGTTCGCAACTACCTCAGCGTTTCCGCTCCCTGGGTTGTAACCAAAGATCAGTTTGTAGATCATTTTATTTTCGTTCACAGGGAGGGCGAGGTCCGGCGCTCTAAAGATGTGAGAGCAGAATTCCAGTTGTCCGGAAACCTCTACCTTGAATCCTAGTCTTTTGTACGCTGCTAGGTCAGCGGGATTGGACTCGAGGGCATCGTCGCCCATCGCCATAGCCCAGGCAGCACCTGTGTGAAAGGCGGCCATAACTCTGATCCGGGAGTTGGAGCTCGATGTATTGTAGCTCCCACTTTTCTGAACGCCCGGATGGGTTTGGGCTAAAAGGGTACCATCACTCAGACACAAAACTGAGTTTGAAACACATCTCAACCAACAGGATCTTAATCTTTCTGTAACAGGGTTGAGGTCGATGGTAAGTCTATTGCGGACGATCATATCGTCTTGGAGCATCCAGTCCGCAACACTCCAGTCAAAACCGGAGCAATCCGTAGGCGTCAAGTAATCTTTCCAGTTTGTAATAACTTCAGACGTTGTAGTTCCAACTTGACGGGCCAGGCATTTTACGAAGTCCAGCACTTGCTCGTCCGTAGACAAGCCAAAACCGGGTTTACTGGGGACGGCCCTCCATAAGGCAATTTCCCGCTTGTTTTGGTTTTGAAACAGAACCCGGGCTACCAATTGATCCACGAGGGAAACGCTCATGATGAGGCGGTAGCGGCCTTCATCGAGCTTCGCTTGTTTATGCGGTTCACCTTTCACGAATAATCGAATGGGATCGCACAAACCGTTCCGGATCAGCTCCTCAGGTTCCATGGCTTCGAAGTTAACCTCCAACATCTTCTGTAGTCGGATGAAGGTCAACTGAGCTAGGACTGGGAGGAGTCTCTGATCTTCTACCCACCCACGATGCGTGGGCTTGCCATAGGCAATATAGGGGACGCCTATTCCGGCATCGAACTCTAGCGAGAACACGGCCTGTTTGAAGTCTATCATGAAGTTGTTCCAGGTCAGTGTTCCTCCTCGGGTTGCCGCAGGTCCATTAGTTTGGCAAGGATGGTACACATCTGCGGTCTTTTGAATCACACGCTCCCTCTCAGCGTCAGAGGGTATTTCTGCGGACTGGGCGCGTTCCAGCCACCGTGAAGCCTGCAGTCGCAGGCTCTTTAGTTCTGCTTCGGGGCCGAACTTGGGCCAGCCGAAGCCGCTTGTTTTCTCACCCAATGCGGGATGGATCCCGATGAGCGTCTTCCCCCAGCGTGATTCTTCCTTTTGCTTGGGGTGGTAGTATTGGGGCAGCTTGCCGCAGTGACGGAAGCCGGGGACCTCACATGGGGAGGTTGGTACCTCCCAGTCATAGAGTGAGGAGAAGTATCTTTCGAACTCTCCGGCTGTTTCTTTGGGGCTCTTCTGCGGTGGGGTCTTGGTGTCTTCATCGCTTTCGCGGAGATCTGTTCGACCACTTTCTTCTCGATATTCTCGAGATTTATCTTTCCCACTAGAGATGAGATTATTTTCTCCATCATCTCTTTCCCATCGACGTTGTTTGTCTTTGGGGTGGAGCTGCCTTCGCCGTTTGTTTCGCGGTCGGCGCCGCGCACTCCGTTTCCCGAGAAGTCTTCTTTACTTTCGAAGAAGATATCGTCATCCTCGCTCATATCGCCCCAGTTCGTTCCAGTTTTGGACTTGAAATTTTGCAATCGTTTGTACCCTGAATAGAGATTCTCGATCTCGGCGATGTCCTCTTGTGCGAAAATCCGACCTTGCGGTGCGGTTGTCTCAAACACATATGTAGGGCTCGTGAGCCCAGGGATGGACGGGATTGGTGCCATTAAATTGTAATTTCTTTTCTTACTTGCACCTGAGTGAACCCCTAAAATGGTTTTGCCATTAAAGTAGGGGCTTCCGGAGTGTCCTTCTTCCGTCTGGCTCAGAACCATGGCATCAGTGCCGTCTGAACCGACGATCTCGGCGTAGCCGCATGCCCAACCATCCTTCTCAAGAGAGTAAATAGTTGCTTTGCATTTCGCAAGGTTGGCAGCGGTGATGACGTTGGCTGCTTTGCAGCCTAACAGTCCTTCCCAGTTGGGGGGGCCGCGAAGAAGGGTTACATCACCTTTGTCGGATTTCGCGATTGTTTTGAATTCAGCGAGTGGAATCCGAGCTTGGAGCCCTCTGGCGGAAACAGCTATGGCGTTGGGACAATCACGTAAAACGTGTGTCGCTGTCAACAACGCATTTTCTCCATTGTAGAGCTTGACGCAGCTGGCGTAGCCAGCGTGGTTTCCGCTTGCGTGGGTGATGGGAATCACGCAAGTTTTTGGGGGGCTTTGCGGGATAGTAAAACTCTTAAAACCGTCTACAGCCTTTTCATACAAACATTTCGGTGTAGACCGAAGAGCTGAAAAGGATTTCTTCAGGAGTGAGAAAGCAATCGAAATGATCCAGATTGGCAATCCTCCAAAAAGAAATGAAACCATCTTCACCATAAATCTTGTAACAGTGTACAGCAAGGCGAGACAGAAGACGGGAGTTGTGAAATTGCTCATCAGCCACCATAACGCGGAGAAGCTCGCCAACATTAGCGAGCTCCACAAGCGTGTGAGACCCCACAGGAATTTCTCGACAGCCAGGAAAGAGGCGTCTTTCAGCATCTCTAGTCCAAGTAGACAGAAATCGCTGGAAATGTTCAAGGCCAACGAATAAACATTCTGGAAATCGCTTGAACTTTTCTGAGAAATTGCTCGCAAGAGATCGTTGTATGATTCTTCTACGAGAGGTCTTGGTTCCTGGCACGTGTAAGTTAACACGGCCTGAGGTGGAGGCGGGAGCATATCCCGTTTGTAAAGAGAACCAGGCGCAGAGCTCTGGTTCAGGGACAAGTATGGACTTCCTAACGTCATCGTGGACGTGGTCTCCGAGAAGGAGAGGGAGCTGATAGAGCAGAGAGCGAATAAAAACATCAATCTTGAATTCATTGTTGCGCTCTTTGATTGCTTTTACGAATTGTTCGATGTTAAGCAATAAACCTGCTAAAAGAAACGTTACTTGTCGCGGATGGAGGAATCTAACTTTTCTGACTTCTAGAGTATGAAAGTTGTCGTGAGCTACAAATTGCATCAACTTAGGATTCCCTACGTGATCTTGCAGTCGAGGGTAATGAAATTATCCGTGAGGC
Contig38	NP_056790.1	3064	1165	35.9	1.5899999999999998e-67	46.3	NP_056790.1 pol polyprotein, partial 	Gibbon ape leukemia virus	ssRNA-RT	CTCTTATCTCTGTGCCCCAATCCCTTATTTCCATGCCCCAACCCCTTTCCCGCTTTTCTGGAGGGTAAGAACCCCCAAACCCCTTCCCTCCATGTCTCTACGCTCTCTTTTCTCTGGGCTTGCCTCCTTCACTATGGGCAACCTTCCTACATTCCTCCTTCTTCTCCCTTAGCCTGTGTTCTCAAGAACTTAAAACCTCTTCAACTCACACCTGACCTAAAACCTAAATGCCTTATTTTCTTCTGCAATGCCGCTTGACCCCAATACAAACTCGACAGTAGTTCCAAATAGCCAGAAAATGGCACTTTCAATTTTTCCATCCTACAAGATCTAAATAATTCTTGTCGTAAAATGGGCAAATGGTCTGAGGTGCCTGACGTCCAGGCATTCTTTTACACATCAGTCCCTTCCTAGTCTCTGTGCCCAGTGCAACTCGTCCCAAATCTTCCTTCTTTCCCTCCCGCCTGTCCCCTCAGTCCCAACCCCAAGCGTCGCTGAGTCTTTCTAATCTTCCTTTTCTACAGACCCATCTGACCTCTCCCCTCCTCCCCAGGCTGCTCCTTGCCAGGCCGAGCTAGGTCCCAATTCTTCCTCAGCCTCCACTCCCCAACCTATAATCCTTTTATCACCTCCCCTCCTCACACCCGGTCCGGCTTACAGTTTCCTTCCATGACTAGCCCTCCCCCACCTGCCCAGCAATTTCCTCTTAAAAAGGTGGCTGGAGCTAAAGGCATAGTCAAGGTTAATGCTCCTTTTTCTTTATCCCAAATCAGATAGTGTTTAGGCTCTTTTTCATCAAATATAAAAACCCAGCCCAGTTCATGGCTCGTTTGGCAGCAACCCTGAGACGCTTTACAGCCCTAGACCCTAAAAGGTCAAAAGGCCGTCTTATTCTCAATATACATTTTATTACCCAATCTGCTCCTGACATTAAATAAAACTCCAAAAATTAAATTCCAGCCCTCAAACCCCACAACAGGACTTAATTAACCTCACCTTCAAGGTGTACAATAATAGAAAAAAGTTGCAATTCCTTGCCTCCACTGTGAGACAAACCCCAGCCACATCTCCAGCACACAAGAACTTCCAAACGCCTGAACCGCAGCAGCCAGGCGTTCCTCCAGAACCTCCTCCCCCAGGAGCTTGCTACAAGTGCCAGAAATCTGGCCACCAGGCCAAGGAATGCCTGCAGCCCAGGATTCCTCCTAAGCTGTGTCCCATCTGTGCAGGATCCCACGGAAAATTGGACTGTTCAACTCACCTGGCAGCCACTCCCAGAGCCCCTGGAACTCTGGCCCAAGGCTCTCTGACTGACTCCTTCCCAGATCTTCTCGGCTTAGCAGCTGAAGACTGACACTGCCCGATAGCCTTGGAAGCCCCCTAGACCATCACGGACGCCGAGCTTCGGGTAACTCTCACAGTGGAGGGTAAGTCTGTCCCCTTCTTAATCAATACCGAGGCTACCCACTCCACATTACCTTATTTTCAAGGGCCTGTTTCCCTTGCCTCCATAACTGTTGTGGGTATTGACGGCCAGGCTTCTAAACCTCTTAAAACTCCCCAACTCTGGTGCCAACTTAGACAATACTCTTTTAAGCACTCCTTTTTAGTTATCCCCACCTGCCCAGTTCCCTTATTAGGCTGAGACACTTTAACTAAATTATCTGCTTCCCTGACTATTCCTGGACTACAGCTATATCTCATTGCCGCCCTTCTTCCCAATCCAAAGCCTCCTTTGCGTCCTCCTCTTGTATCCCCCCACCTTAACCCACAAGTATAAGATACCTCTACTCCCTCCTTGGCGACCGATCATGCACCCCTTACCATCTCATTAAAACCTAATCACCCTTACCCCGCTCAATGCCAATATCCCATCCCACAGCATGCTTTGAAAGGATTAAAGCCTGTTATCACTCGCCTGCTACAGCATGGCCTTTTAAAGCCTATAAACTCTCCTTACAATTCCCCCATTTTACCTTTCCTAGAACCAGAGAAGATTTACAGGTTAGTTCAGGATCTGCGCCTTATCAACCAAATTGTTTTGCCTATCCACCCCGTGGTGCCAAACCCATATACTCTCCTATCCTCAATACCTGCCTCTACAACCCATTATTCTGTTCTGGATCTCAAACATGCTTTCTTTACTATTCCTTTGCACCCTTCATCCCAGCCTCTCTTCGCTTTCACTTGGACTGACCCTGACACCCATCAGGCTCAGCAAATTACCTGGGCTGTACTGCCGCAAAGCTTCACAGACAGCCCCCATTACTTCAGTCAAGCCCAAATTTCTTCCTCATCTGTTACCTATCTCGGCATAATTCTCATAAAAACACACGTGCTCTCCCTGCTGATCGTGTCCGATTAATCTCCCAAACCTCCATCCCTTACAAAACAACAACTCCTTTCCTTCCTAGGCATGGTTGGATACTTTCGACTTTAGACACCTGGTTTTGCCACCCTAACAAAACCATTACATAAACTCACAAAAGGAAACCTTGCTGACCCCATAGATCCTAAATCCTTTCCCCACTCCTCTTTCCATTACTTGAAGACAGCTTTAGAGACTGCCCCCACACTAGTTCTCCCTGACTCATCCCAACCCTTTTCATTACACACAGCCGAAGTGCAGGGCTGTGCAGTCAGAATTCTTACACAAGGACCGGGATTGTGTCCTGTAGCCTTTTTGTCCAAACAACTTGACCTTACTGTTTTAAGCTGGCCATTATGTCTCTGTGCAGTGGCTGCTGCCACCCGAATACTTTTAGAGGCCCTTAAAATCACAAACTATGCTCAACTCACTCTCTACACTTCTCATAACTTCTAGAATCTATTTTCTTTCTCACACCTGACACATATACTTTCTGCTCCCTGGCTCCTTCAGCTGTACTCACTCTTTGTTGAGTCTCCCACAATTACCATTGTTCCTGGCCCAGACTTCAATCCGGCCTCCCACATTATTCCTGATACCACACCTGACCCCCATGACTGTATCTCTCTGATCCACCTGACACTCACCCCATTTCCCCATATTTCCTTCTTTCCCGTTCCTCACCCTGATCACGCT
Contig285	YP_010802169.1	538	99	52.0	2.08e-12	27.9	YP_010802169.1 initiation factor eIF1/SUI 	Acanthamoeba castellanii medusavirus	unknown	CATCCCAATCAAAGTTAACGCTGAATTTAGATTCCCCTGCGACTGGGGAAGCATCTGTTAAAGTCCAGTTGTCCAAATATGCCGGTTTTCCAAGCTTTCCTTGCAACCCATTAGCAGCGTCACTCTTTTCAGCACTGATAAGCTGCAAGGAGACTCGTTTGCCTAACAATCCACCCCAACAAGGGGTGCGAAGACAAGACTAAAACAAAGACAGCCTAGAAATTTATTTCATAAAAGTCCTAAATCATGACAAAAGCAGCAAGAACTTCCCCTAGAAACCATGAATCTTGATTTGATCCTTCTTCACGATGCCAGCATTAACAAGGAACTGGGACACGTTTTTGCGCTGATCACCTTGGAGCTGAATGATTTTGCCAAGCTCTTTGTCATTCACGACATTCCCATTACAGCAGAAGTCCTTTTTGAGCTACGAGAAAATTCTCAAGTGTCTCAAGAAGGAGTTCTGCTGTAATGGGAATGTCGTGAATGACAAAGAGCTTGGCAAAATCATTCAGCTCCAAGGTGATCAGCGCAAAAA
Contig299	YP_010802169.1	734	99	43.5	4.89e-20	37.6	YP_010802169.1 initiation factor eIF1/SUI 	Acanthamoeba castellanii medusavirus	unknown	GTTTGATTCAATTTCATATCTATTTTTATTAAACAAGTAGCAAGAGTGACACAAAGTACATAAGATGGTAGTCTCTTAATATCATACCGAGTCTAAATCGAAACAAAACCAAGCAATACAAGAGATCAAAGAAGAAGTTTGAGGAAATGTTTTGGAAAGGGAGGGAGAACGATAGTGATACACTATAACAGAACAAAGCAAACAGACTAGGGACAATGAAGCTCAGAAACCATGGATCTTGATGTTGTCCTTCTTCACTAGGCCAGCCTGGACTAGGAACGTGGAGACGTTCTTCCTCTGGTCTCCTTGAAGCTGAATAACCTGTCCGAGTTCAGAGTCTTGAACCACAGTTCCGTTGCAACAAAACTCTTTCTTGAGGTCCTTAAGTATCTTGCTGTAACTATACTCTTTCTTCAGCCCCTGGACGGTTGTCAAGCTTTTCCTACCATTGCGCTGCTGCACACGGATGTGGACGTACTCTTTTGTTCCCGCACCTGAGTCCTCAGCATTCGCATCAGCAAACGGGTCGAAGGCAGTAGGGACCTGGGAATCAAGTTCAGACATGAAACTTTGTTGATCTGATGGGCAAAACGACACAGAAGCTGAGACCTGATTCGAAAAGTAGGGTTTCGAGGATCTGATTATGGGAGGAGAGAGAACGACGAGAAGAAGAAACCCTAGATTCGGATAAAGGCTGCAATTCTGTTTCTGGTGGGAGATAAAGTCACGAGAGG
Contig373	YP_010802132.1	761	173	40.9	1.4000000000000001e-33	56.8	YP_010802132.1 GTP binding nuclear protein Ran 	Acanthamoeba castellanii medusavirus	unknown	CGGAATCACATAGTGCGGAACTCTCTCTCTCTCTCTCTCCCTCACACCCTACTCGAAGGTGTCATCATCGTCATCAGGGAGTGGCTGACTTGCTGCCGCTGCAAGCTCCGCCTCATGCTGTTGCTGAGCAGCCATGTCAATCTGGACTTCTGGGGGAGCAAGGGCAGGTGATTCCACAAAGTGAAGGTTAGGGTCACCGGCGAGTTTTCTAGCAAGGTACAAGAATGGCTTCTCGAAATTGTAGTTGCTCTTGGCAGAGATCTCGTAGTACTGCAGATTCTTCTTCCTGTGGAACGTCACCTGCTTGGCCTTCACTTGCCTGTTCTTGACATCGACTTTGTTCCCACAGAGAACAATGGGAATATTCTCGCACACCCTGCAGAGATCACGGTGCCATGTTGGAACGTTCTTGTATGTGAGACGTGCTGTGACGTCAAACATAATCACAGCACACTGGCCATGGATGTAGTAACCATCCCTAAGGCCACCGAACTTCTCTTGACCAGCAGTATCCCAGCAGTAGAAACGGATCTTGCCACAGTTTGTGAAGAAATCCAAAGGATGAACCTCCACACCAATAGTAGGTTCATACTTCTTCTCAAACTCTCCAGTAAGATGTCTCTTGACAAAAGTTGTTTTTCCTGTGCCTCCGTCACCAACAATGACGAGCTTGAAGCTAGGGTAATCGACGGTTTGCTGGTTAGGTAGAGCCATGTTGTCGGAATCGAGAGAATCTCAGGCGATGGGTTTGTGTGTTTGTG
NODE_17_length_4561_cov_102.507583	YP_009711348.1	4561	726	95.9	0.0	47.8	YP_009711348.1 P1a-P1b 	Beet western yellows ST9 associated virus	ssRNA(+)	CACAGAAGTCATGGGTGATCATTGGTCCGATGCTTCGGGCGAAACCAATTCCCAGGGTGTGACGGGCGGTGTGTACAGGGCCCGGGTACATATTCACCGCGGCATGCTGATCCGCGATTACTAGCGATTCCAACTTCATGTTCCCGAGTTGCAGAGAACAATCCGAACTGAGGCAATCTTTCCGGATTCGCTCCGCCTTACAGCCTTGCTTCCCATTGTAATTGCCATTGTAGCACGTGTGTGGCCCAGCCCATAAGGGCCATGCGGACTTGACGTCATCCCCACCTTCCTCCAGTATATCACTGGCAGTCCCTCGTGAGTGCGTCACGCACCTTTTTGTTTGTTTCGGAGCGGTTTTGTCAGGGCGTACTAAACCCACTTCCTTCGTCCCACACCACCGTTCGGCTCACCTGAATGCCGAGTCTTTCTCCGCCGACTAGTTAGGGCTTGGAAAGGCGCCGGAGGAACCCAGCTTCTCCCCTAAAGGAGGAACCCCTTGTTACTGAGAGCAGAGCTAGTTGCTGTCACTCAATTCCTAGGTCTGGCACATCACTCGGCTACTTGGCTTACTTCGGTTTGCACAACCTTTCTCCTTAGGCGCATGTCTGAGCAACACAAGGCGAGGGTTTCGCTCGTTATAGGACTTAACCAAACATCTCACGACACGAGCTGACGACAGCCATGCAGCACCTGTATGAAAGTCAGTACCATCCCGTTAAGGATAGGGTTTCTCGTTCATATGTCAAGGGCTGGTAAGGTTCTGCGCGTAGTATCGAATTAAACCACATGCTCCACCGCTTGTGCAGGCCCCCGTCAATTCCTTTGAGTTTCGGTCTTGCGACCGTACTCCCCAGGCGGAGTGTTTAACGCGTTAGCTGAGCCCCAGATCAGAATAGACCAAGGGCGAACACTCATCGTTTACGGCATGGACTACCAGGGTATCTAATCCCGTTCGCTCCCCATGCTTTCGCACACCAGCGTCGGTAGAGACCCAGAGAGCTGCCTTCGCTTTTGGCGTTCCTTCGTAGATCCGTAGATTTCACCCCTCCACACGAAATTCCACTCTCCTCTGTCTCACTCAAGTTCAGTGGTTTCGAAAGCATTCCGCCACTTTTTGACGACTTTCACTTTCAACCCGATGAACCGCCTACGTGCCCTTTACGCCTAGTCATTCCGAAGAACACTTGCCCCCCCCGTTTTACCGCGGCTGCTGGCACGGAGTTAGCCGGGGCTTCTTCCTCGAGTCATGTCATGATCGCGCACTCGACGAAAGAGCTTTACGAGCGGAATTGCCCTTCTTCACTCACGCAATATTGCTGGATCAGGCTTGCGCCCATTGTCCAAGATTCCCCACTGCTGCCCCCCGTGGGAGTCCGGGCCGTGTCTCAGTCCCGGTGTGGCTGATCGTCCGAAAAGACCAGCTAAGCATCATCGGCTTGGTCAGCCTTTACCTAACCAACTACCTAATACTACGCAGGCTCATCAAACAGCGCTTTCTAGCTTTCTTCGGGATTTAGCCCGAACTGTTCGGCAGATTCCCACGCCTTACGCACCCGTTCGCCACTTTGTTCACAACTCTTCCCACCTCTTGGGTGAGACAAGCTACCTTGAGCTAGGAGCCTCCATTCCTTCTGACTAGCTCCCAGGGAACAACGTTCGACTTGCATGTGTTAAGCATATAGCTAGCGTTCCTTCTGAGCCAGGATCAAACTCTTCTTTTGACTATGAGGGCGGTTGACCTGGTATTGTAAACAAACAGTGCCTTTCGGCCTGAATCTAGTGCACTTTCGCCCCCCTGCTGCTTAGCAGGGTGTGCCTAGACGCGATCAGTAACCCTCTTCCAGAGCTGCAAGCCAATCTCAGCGCGTAAACTGAGCAAAAATCCCAAGTGGGTGTTAGTCACGATCCGCGGAGATCATGAGTGATTCGGCTGCCGGGTCGTTGGATTCTGACCGGATGCACAGCAGGTGTAGTACCGTGTGCGTCTACCATACATCGTGTGGTGCACGTCTGGATCAGGCTTCCAGTAACCACTAGGCCATTAGCCCCCCTAGTTGGGTGTCGTCTCTCTCCCCGGTGTATACGGGACTGGCGATGTCCACCCAAGAGTTCGAGTGGGGTGGCGCCAGGAGACGCGAGTCTGCCTACGGGACTGATAGCCCTCTCTTCCAACCCGCAGGACTTGGAGGGTACTTGTTGTTATGACTCGATCCTAACTATACATATCGTACAAATGGTGACAGTTTCAATCTTCCTAGTGAGGTGGTCCCTTGATCCAATGACTTGGTATCAGCTTTTCTGAACTCCTAAGGGCAGAGGTCGCGGCATTGGCTCACGCAAGCCAAGACGCATGTAGTGTGTTATACATCACCTTCACATACTGGATAGTCACCTAAAAATCTATGTACAAATTCTACTCTACCTAACGATGGTTCCCATTGCCTCCACTCTTTCTCGAGGGCCTCTTGTTGATCTGGGAGGATTCCGAACGCTTTCCAAAAGCTGATTCGGCATTGAGTGGTCAACCCTACGTTTGTCGCTGCTTTGCTCGACAGTGTTCGGAAAGCTGGGTCCGCGTGGGTACTGTTCCACCATCTATCCTCATTACCTTTATTTCTTGTCCCAATGATTTCCATCTTTCTGTACATAGCTCTAAAAACGGGGATGTCATCATAACATGCTGACCCGCATTTTCCAATCGCCTTGAGCATATGGTATTTCAATTTTCCGCGTTCTATTGGGATAAAGGTTGTGAGATCTTTGGTCATTGCTAATCTGGGGTGTCTTACCATCGTGCATACATCAGGAGTGAGCTGGACCGGTCTCGTTTGACAAAAATCAATACGTTCGAGCTCGTATACCGGGTCCTCTACTTTGAGCAGAAATCCGAATTTTCGGAATGTGTCCTCTATCTGCAGGACTGTGTGCATGTGCTCCCTTTCCACCATTATCACCTGGTCATCTCCGTCATTAGTGATTTCAATATGTGGAATCTCACTCTCTTCACAGAAGGCATATGTAATGGATAACATTATTATCACATTTCCAAGCGAAGTGTCATTGTCGCCGGAGCATCTTCCGCCTTTCTTGTGGTACCTGAAAGCCCCATCTGAACTCCATCCTACTCCGTCTGTGACGAGACGGTTCTCCAGAATGTAGGCGAGTTGGGGGTCGTTTCCGATTGCAGTCTTATATAGTAAGTGGGTATGCTGGAGGGCATCTTCAGATACGTGGAGGTCAAAACGACTAGCGTCTAGACAAATTGCCACGGGGTTATTAAAACTCTCCCACTTTTCTTTCATAAAATTCCCCCTCCTGAGGTAATTGAGGCCTTTAAAGCACACGGGGGTGTCTGAGACTGTAAATCGCTTGAACAGCCGCGTTAGCGATTTATAGACTATCTGTTCAAGAGGTCTGATGTATCTACCTAAGCTAACTAAAAACCTAGGGTGTCTAGGCTGAATTATGCGAGGATCGCTATTCGACGATAGGAGTTTATCCTTCTCCTTCTTAATGAAGGCCCTCACACGAAAATCTCTTATATTCAAGGGGGTTTCAGCTAGTGACATGAGTGCCTTGGCGTATATGGTCTTCTTACGTCCCGCGTAGCACGCCAGAAATTCATCTGGGCTCATCGGGGAGGTCCTCGACCAACCGCCAACTCGTCTTGCAATTACTGATAGGCTCCGCCATGCTCCCGGACTAGGAGCAAGTATCGGTCCACCCTTATATGTCAACACCCTGTTGACAAGACCCTTGATTAAATTACTACTATTGTTAGTGTAATAAGTAACGTCGTATCTAAACGACGGAGCTACTATACGCCTAAAACTAGGGTTAGTGTGCCGGGGTTTCGGCCTCAAATTTGTGGGGTCCAGGCCGGGTATGCCCTCTAGGCTGGTGTGATCGTGTTCATACCCCCCCACTATTTGTAGGCCCCCCTATTTCACCTCGACGAACCACCTCCGTAGGCGGTTCGCCAGGCTCCCAGAAGCGGCAGCCTGCCTATATTCGGCTTTGTATGGAACAAAAACCGCGGCTACCACGTCAGCTAGAAGATGGGCATAGGATGTTTTCCTTATGTTGCGCTCCCTGCAGAATCTATCTACCATGTGCCGTATGACGGCAACGTTGGCAGCATTGTAGGCAGGGGTGCCCATCTCGGCTTTCACCTCAGCGCGGAGAACTCTTATGAACGCTTGAGTTCTGCTCGGTCTCACACGCCGGGAAAGCTTTTTCTTACCCTTCAGGACCAGGGTTGCTCTCTCTCTGGGATCAGAAGGCAGACTTGACTCCCATATATCTACGTCGGGGTCGTCTACCTCTAGCACGCTCTCTATACTATCTATACTATCCTCAACCAGATGCGCCGCATCTGATCTACCTAACTTATACCTAAGATACTCTACGGAACCTATTGTTCCGGCAACTACTATGGATGCTCCTAATATACTATACTTAACGGTATTTACAGAAGGGAGCCCCACACTACTTAGGGCTTTGAGGAGGGAAAAACCTGAGCTCATCAGATGGCTAGACATTCTTTCTGGGTACTCGGTTT
NODE_26_length_3716_cov_11.583952	YP_010798877.1	3716	762	37.3	3.51e-09	7.9	YP_010798877.1 RNA-dependent RNA polymerase 	Cannabis sativa mitovirus 1	ssRNA(+)	GGACTACTCTAAGCTAGACAAAATCCCTTCTTTCAAAGTCACTAGAAAGATAATAAAAGAATCAAAAGGTCTAATGAGCTAACCAATCCTCCTATCCTATGGGAATGCTTTCCTAAACTCTGATTGCTCTTGCCGACTCGGAACGAAGAGTTAGCGGTGAAAATAAGTCATTCTTTCTTATTGGCTTCTCTCCAGGTGGGTCACCCAGAGCGAGGGATGTTAATAAGTCACTAACTACAGTGCCAAAGAAAGAGGCTTGGATGCGCGGGATAGCTTGAAGAACGAGTACCGGGAGAAAGGACCTTCTTTTGAGGAATGAGGATTAGGAAGCTTACTCGTAGAAAAGAAAGTTGGCACCTACTAAACCAAGTGCCTGAAAAGGGGTAGTGAAAAAGGCGAAGGCAATCTCGGATTGTTCAGACACTGCCTTTGGTTCATTACCCGTTGAGAAGGCAGTAGAAGAGGTAGCATTCGCAGACCAAAGCAAAGACGGCTGGGGATTCTTCATAGCATAGCAAGAAGGAAGGGCGTGCTTAATACATAAGGACTAGTAGAGGCAGTAGAGGTCCTTCACCATGAAGATTGTATGCTTTCCTTTTCACTCAACAATGAAAGCTAAACGAAACCGATTCCAATCTCTTTTCCATTCAGAAAGAGAATCGATTATGTAGCTCACAGAAGGGGTGATCAAAGAAGTTGACTAAGTGAATGGGAATCCGATAGCTCTACCAGCCTTGGAAGAGTAGTCAGAGGCAATTCGCTAATATTGAACCTTTTCTATCATCTTTCTTTCCTCAAGCATGAAACGGAGTTGAGCGGTAGGCATTCCTTTCCATTACAGTGGGAAAGTGGATGCGAGTCATAGAGTTCTTCCAGTAAGGTTTGAGGTCACAGGTACCAATGCAGTGGAAAAGGAAAACTAGGATATAAACAAGACCCATTTGTTTCAAGTTTAGGGCCCCCTAGTGTTACAAGCTACTGCTTGCGAAGGAAAGAAAGAGTTGCTAAAGCCAGCCCTCTTATTGGTAAGATAGGCTATGAGCTGTAGGACTGCACTGAGATGGCAGATGAGAGATAGTGGAAAACGAGTGACTCTTTTGGGGCTAGCATGAACAGAGCCTTAGAGTCAGGGGGTGGGAAGAGTATTTATTATAGGAAACAACTATATAAAAGAGCGCCTACTCCGTCCCATTCACGACTGGAGTATGGAAGGAGTAGTCTTGAATGCGATGGTACGTTCAATCAGGTCAAACCGTTAGCAAAGCTTCGCGGTCATTGGAACCTTTGGTCCTTTTGACCTCAAATCTCCTACTGATAGGTGGCCTCGGACGGTCATCTACCAGGTTGTTAAGAACCTCTTTGATGTGCCGACGGCGGCCGCGGTCATTGACGGGTCCTTCTTATCAACAGCAGAAGCAATCCTATGGGAGTCTCTTGGGTTTTCCTCTATGATTGACTTGGGCATGTATACTTTTGATTCTCTCTGGAGATATGGTTCTCGTATGTCTACAGCGTTAGAACTCGAGTTTTGCTCCGCATCACAAACAACTCATCACGTGGGTATTATTGTGCATCTTCCAAGCGTCATTCTCAATTTTTTTTTACATTTACATGGGGGCTACCCCTCATATACATATAGAGAGGCGCAATCAGTATAGTAAATATTGGAGGCTATCTGAAGAACTAGATTCATTTGGTAACTACTTACCACCTGACTATATCCCCTCGCCAACTCCCAGCTCTCCGGAAACTTCCCTTATACCCCGCCCTCAACACTGAGAACCCTTTCTTGTCATCTCCGAGCACTGAACCCTCTGGACTCTCCGAAAATGCTGAAACCTACTTTTATTCCTCTTCGGACACTTTGGACTATGAATTTCTTCCAATAAAGTTTTGATCCCTTCGCTCCTCTCCTTTCATTCGAGTAATCAATTACGTTGGACCTCTCCTTTTAGTCGAGTAATTTCATCAATCCCTTGACTTTGTTTATGCCCTTATGCAGTAAAGAAAGCAAGTGAGGCGGGCTAAGATTCCATTCGAAGTAAGGTAAGAGGATTCAATGTTGCACCATCTTCAACTCTTCTCGGTATCGGGAGTTTTTCAAGAAAAGGTCCCATCCTTCAATATCATGATTGGGTCGACCAGGCCAGATCATGAGTAAATAAAAAATCGAAAATGTACATAGCTGTTCCAGCTGAAATACTTGGAATAATTCTACCACTTCTACTAGGAGTAGCCTTTTTAGTGCTAGCTGAACGTAAAGTAATGGCTTTTGTGCAACGTAGAAAGGGTCCTGATGTAGTGGGATCGTTCGGATTGTTACAACCTCTAGCAGATGGTTTGAAATTGATTCTAAAAGAACCTATTTCACCAAGTAGTGCTAATTTTTTCCTTTTTAGAATGGCTCCAGTGGCTACATTTATGTTAAGTCTGGTCGCTTGGGCCGTTGTACCTTTTGATTATGGTATGGTATTGTCAGATTTGAACATAGGGCTACTTTATTTGTTTGCCATATCTTCGCTAGGTGTTTATGGAATTATTATAGCGGGTTGGTCTAGTAATTAGGGGGCGGCCGTTCGGTCGCCTATGAGACTAGGACCAATAGGTCAAAAATTGGTTTGTGCCGCAGGTGTTGAACGATCTACTCTACACAGGTGTGGGCTTACAGGGCTAGGGCTCAGAAACCCTTTCTTTCATTCATCAAGAGGGCTAGACGCGCCTTTCGAACCAGTCTTTATAAACCTGGTCGCTCACTTTTCCGGGCCGGGATCGATAAGTAGAAGTCATAAAAAGATATGTTTCTCTTCGCACCACTGATAGACTACTAAAGATTCAATTAAAAAGGCCCTACTTAGTTTCGCAAGCCTTTGTCATTGTCAGTCAACTAAGTAGGTCGTTCCGCCCCCTGCGAATCCGTAAATCTGAGGAGCATGCCGCAACAAAAGGATGGTCCCCTATGCATTTCATTCTTTCCAGAAAGGAAAATTAGAAGTACCCCCATCATGGTGAACCTCTCCTTGTGATCGGGATGAGGTAAATGCCTCCCAGCCGGGGGGCGGATCGAATCGGAGTTTCCTTAGGTAGCCACCGACCTACAGTTATCCTTAAACTTTCGTGCTTGGTGGAGAAGAAGCGAACAAAGGTACGCTCGCTTGCTGTCTTGTTCTCTGCCGCGAACTGGGATCGCTCGCCAGCTAGGTCAGATTGAAGCAACATTTTTTGAGAACATATTACCCATCTTCGGGGACAAGGGGCGGAACGACCTCTCGATCTACTTACAGCAGCCCAGGAATAAAAACGTCGTCTAGGCGTTCCCTCTTGCTCCGATCTACCCTACGCCTAGGACGTTGTCTGGGCCAAGAGTCATAGTTAGTTGCTGTTTCCATTTGGTTGTTTTTTTCTCGTTGTTGATACCGGCAAGACCCAGCCAGATGATGTCTGCTGGTTGGTAGTGAGAGGACTCTTAGTATCGGCATACCCAAAAGGAGGCGCTAATTAAAAAACAAGAATTTGATTTTCTTTCTTGCTCTCCCTTAGCAGCGGGAAAGGAGTCTATCTATCTGCCTAGCTTTGGTAGATTTCCCCCAACGCAATTCACAGAAATTCCACGAATCCCTTGGTGGATAAGTCCGACGACTCAGCAGCAGTGCGGAATTGAGTTTCTCGTCTGGTGGATCTGATCTATAGTTATGGGGCAATACATACCAAAAGGTTCG
NODE_57_length_2837_cov_203.128261	YP_009711348.1	2837	726	85.3	0.0	75.7	YP_009711348.1 P1a-P1b 	Beet western yellows ST9 associated virus	ssRNA(+)	GGTTGACCTGGTATTGTAAACAATCAAACTCGCTCGCGCGAGTATCCTAGTGCACTTTCGCCCCTACTCATTGTGAGTAGTGTGCCTAGGCTGCGAATGGGGTTCTCAATTAGAGCTGCAAGCCGTCCCAGTGCGTAAACTGGGTAAAAGTCCCAAGTGGGTGTTAGACGTCTCCAGCGGTGGAGGCGTGGGGTGTAGTGGCTGCCGAATCATCGAACCGAATCCGGTCGACAGGTCAGGTAAATCTGGCTGTCGACTACCGTATATCGTGCGGTGCACGTCTGGATTAAGCTTCCAGTAACTGCCGGGTATTAGCCCTTCCGACTAGGTATCACATCTCTCCTGGATATATGCCAGACAAGCGGTGTCCACTCAAGATTTCGGGTGGGGTGTCGCTTGGATGTGCGAGTCTGCCGATGGGGTTGATAGCCCCCTCTTCCAACCCATCGGACCTGGGGGGTACTGTTGTAAGACTCAATCTACCTACTACTAATATAATACATACGTACTGGTGCGACATTTCAATCTTCCCTGTGATGGCGTCCCTTGATCCAATAAACTTGGTAGCAGCTTTTCTGCACTCCTAAGGGTAGAGGTCGGGCAGCTAGTCCGCGGAGACTAGTGACCATGTAGTGTGTATCTATACATCGCCTTCACATATAGGGTAGTCACCTAAGAAACTATGTACGTATTCTATCTTATCTAACAATGGCTCCCAATTCTTCCACTCGTTCTCGAGGGCAATCTGTTGATCTGGTAGAATGCCGAACGCTTTCCAAAAGCTTGCTCGGCAATGAGGGGTCAGGCCTACGTTCGTGGCCGCTTTGCTGGACAGCATGCGATAAGCAGGGTCCGCGTGTGTACTATTCCACCACCTCTCCTCATTTCCTTTGTTCCTCGACCCAATCTTTACCAACTGTTGGTACATGGCGCCCAAGACGGGAATGTCGTTGTAACAGGCCATTCCACATTTTCCAATTGCTGTGAGCATATGGTACTTGAGCTTACCTCTTTCTATGGGGATGAAGGTCGTCAGATCTTTTGTCATTGCTGACCTGGGGTGTCTTACCATTGTGCATACATCAGGAGTGAGTTGGACCGGTCTCGTTTGACAGAAGTCAATACGTTCGAGCTCGTGAACCGGTTCCTCAACTTTGAGCAGAAATCCAAACTTTCTAAATATATCCTCAATTCGGAGGACTTTCTCTACATGCTCAGCTTCCACAATTATCACCTGATCATCTCCGTCGTTGGCGACTTCAATATGCGGAATCTCACTCTCTTCACAGAAGGCGTGTGTGATGGATAGCATTATAATCACATTTCCTAGGGATGTGTCATTGTCCCCGGAACACCTACCGCCTCTCTTGTGGTACCTGTAAGCCCCATTAGCACTCCATCCTACTCCGTCTGTGACGAGACGGTTCTCCAATATGTAGGATAGGAGGGGGTCGTTACCGATGGCAGCTCTATATAAGAGATGGGTATGCTGGAGTGCATCTTCGGAGACGTGGAGGTCAAATCGACTTGCGTCGAGACAAACTGCCACGGGACTATTAAAGCTCTCCCATTTCTCTTTCAAACAACTTCCCCGCCGTAGATAATTTAGTCCTTTAAAGCATACGGGGGTGTTTGTGGCTGCAAATCGCTTGAACAGTCGTGTGTACGATTTATAGACTTTCTGTTCAAGAGGTCTGATGTATCTACCTAAGCTAACCAAAAACCTAGGGTGTCTAGGCTGAATAATGCGCGGGTCGCTATTCGATGAAAGGAGTTTGTCCTTCTCTTTCTTTATGAAAGCCCTAACGCGAAAATCTCTAATATTCAAGGGGGTTTCAGCTAGCGACAAGATAGCCTTGGAATAAATGGTTTTCTTACGTCCCGCATAGCACGCCAGAAATTCTTCCGGGCTCATCGGGGAGGTTCTCGACCATGATCCAACTCGTCTAGCTACTGCTGATAGACTCCGCCACGCCCCCGGACTAGGGGCGAGTATCGGGCCACCCTTATATGTCAAAACCCTGTTGACAAGACCCTTGATTAAATTACTACTATTGTTAGTGTAGTAGGTCACGTCATATCTGAACGACGGACCAACTATCCTCCTAAAACTAGGGTTAGTGTGCCGGGGATTCGGCCTCAGGTTCGTGGGGTCCAGGCCGGGTACGTCCTCTAAGGAGATGTCATCATGTTCGTACCCCCCCACTATCTGTAGGCCCCCCTATTTAACCTCGACGAACCACCTCCGTAGGCGGTTCGCCAGGCTTCCCGATGCGGCCGCCTGCCTATACTCAGCCTTGTACGGAACAAAGACTGCGGCGACCACGTCAGCCATAATATGGGCGTAGGATGTCTTCCTTATATTACGCTCCCTGCAGTACCTGTCAACCATGTGCCGGATGACGGCAACGTTGGCTGCGGTATAGGCAGGGGTGCCCATTTCGGCCTTAACTTCAGCGCGGAGTACCCGGATAAATCCTTGAGTTCGGGTCGGCCTCACGCGCCTACTGAGCTTCGGTCTGGTCTTCAGAACCGCCGAGGCTCTCTCTCGGGAATCTTGAGGTAGACTCCCCTCCCAAATATCTACATTGGGGTCATCTACCTCCAGCACGTCTTCTATTCTATCTACACTATCCTCATCTAGGTGGCTGCTATCAGACCGACCTAGCCTATACCTAAGGTACTCCACGGTGCATAAGGCCCCAGTGGCAACTACTAGTACTCCTAAACTACTATATTTAACGGTATTTACAGATGGAAGCCCCACACTACCTAGGGCTTTGAGGAGGGAAGCGCACATGCTCGATTGGCTAGACATATCAACCGGGTGCGCTTAT
NODE_74_length_2609_cov_8.526066	NP_057935.1	2609	665	83.2	0.0	64.5	NP_057935.1 gPr80 	Moloney murine leukemia virus	ssRNA-RT	CCCCAACAAAGCCACGTACAGTGGCGGAGCTCCAAAAAGTCCGACTCGGGTAGGTTAACTGATACAGAATGGGCCACAAAACGGGCCCCCGAAGCCGCTGGGACGTCTCCCAGGGGCTGCGGCCGGGAATACGAACTCGTCAGTTCTTCCACGGAACCGCCAGATACAGATCTAGTTAGCTAACTAGTACAGATTCAGACGCAGGCGCAAAGATTAGATGCCGGCACACACACACACGCACAAAGACAGAGACGGAGACAAAACGATCGCTGGCCAGCTTACCTCCCGACGGTGGGTCGGTGGTCCCTGGGCGGGGGTCTCCAAATCCCGGACGAGCCCCCAAATGAAAGACCCCCGAGCTGGGTAGTCAATCACTCTGAGGAGACCCTCCCAAGGAACAGCGAGGCCACGTTTCGGATGCAAACAGCAAAAGGCTTTATTGGGAACACGGGTACCCGGGCGACTCAGTCTATCGGATGACTGGCGCGCCAAGTGTGGGGTTTTTACCCTTTTTATAGAGCTGGGCAGCAATAAGCGCGGGTACAGAAGCGAGAAGCGAGCTGATTGGTTAGTTTAAATGAGGCTTGGGGTTGATCCCCGGTCATCTGGGGAACCTTGAGACAGTTTCTGGGTCTCTTGAAACTGTTGTTGTTTTAGCTATTTCTGGGGACCATCTGTTCTTGGCCCTGGGCCGGGGCCCTAGTGCTTGACCACAGATATCCTGTTTGGCCCTAGTCCCGGTACTTTCCAGCCTCTCTGTACTTCCTTGTTCTTGTTTTTCTGAGAACATCAGCTCTGGTATTTTCCCATGCCTTGCAAGATGGCGTTACTGCAGTTAGCTGGCTAAGCCTTATGAAGGGGTCTTTCATTCCCCCCTCTTTCTGTAAACTGAATAAAATCTTTTATTCACGTGATTTACAATCTCCTATTGTCTTAAGTTGATGATATTGTTGAGTCAGAACCAGGGCCTGCACTACCGAAATCCTGTCTTTGATAAACTGGACCAGGCGATTGAGAATACAAGGCCCAAAGAGTAAAATTAACAAGAGGATTATCAGGGGACCCATGATGGTGGATATCAGGGTGGTGAACCAAGGGGACTTATTAAACAGCCCTTCAAACCACCCTTGTTGGGATTCAAAGAGCTTTTGTCTCTGACTCAATCTTTCCCTAAGTTTGGCCATGCTATCCCGTACCAATCCTGTGTGGTCGGCATAGAAACAGCATTCTTCTTTTAAGGCAGCACACAAACCTCCCTCTTTTAGGAATAGTAGATCTAGGCCTCTACGATTCTGTAACACTACTTCGGACAAGGAGGTCAAAGATTTTTCTAGATTAGTGATGGACTTTTCAACTTCTTTAAGGTCATCGTGCATGGCAGCCTGGAGTTGTTGGAACTGCTGAGTGGCCACCAGGGCGGTAGTCCCTGTTCCCACTCCAGCGGCAATTCCGCCCATAGTGAGTCCTCCTAATAGTAGGGCCAGAGTTAGTGAGACGGGTTCTCTTTTATATTTGGCTCGTCTTTCAAATTGGTGGTAAACATAACTAGGGGAATGGTAGGTCACCCTTGGCCAAAGCTCGACCAGGACACAGTAATCGGTGGTGAGGTTAAGTATGGTGGTTGAGATACAGGGAGTGAGTCCAGTACTACAAGCCCAGGTAGTTCCTGCGGGAGCGGCCAAATAGTAGGACCCATCGCTTGTCTTTTGGGTGGTATTACACAAGACTTGATGGGTTTTAGGGACCGCTCCTATGCAGAGTCCCTGTCCGGTCACTTCGGACAAGGTCAATTTGTGTTGAGAGGCCACAGAGCAGTTAGCTGGGGCAGAAGTATGGTTGGAGTAGGTACCTAGGACGGCAACCCCCTCGTAGTATGGGGGTCCCGATACTAGGCATAACCAGCACTCTTGGGTTTTATCAGGACTGGTGAGGTTGAGGGCTTGGTAGGCTCCTTTTACTAGATTTAACAATCGGTTTTCGACTCCCGCTGGCGGGGGTTCGGGGAGGGTGAGGGGTGTCTCGGTTGGGGTGGAGTTTGAAGGCGGGGGAGATCTGGTGGGTCCAGGCCGGGAAGGTGGTCGTCGGTCTGACAAGACGGGGTTTGGCCCTATTGGGACCCGGGGCCCCGAGTCTGTAATTTTAAGTCGGATCCCAAAGATGAGCCCTGGGTCATGTCCAGAGACGTATAGGCGCAATCCCCACCAATGGCCTGTGACCCAGGAGGTGGCCTGTTTTCCAAAGCTCGTGAACCGGATAGTTAAGGAGTTGCACCACTTATTACCTTTGCATACTGGGGTTGCCTGGTCTGAGGTTAGATTGTTGCTTACTGAGATGTAGTCCCAGGACGAGGATGGTTTCCAGGATGCTCGGCCTGTGGTTTCGCAGCCCCAAGAGGCACAATAGAAGGATTCTGGACCACCACACGACCGGGCCCACCGGGGGCGATGTGGCCCGGGGCAGACATAGAATCCTTCATTGTGGGCATGTGTCACTTTAGATAACTTAAGTCTGTTCCAGGCCGTATTGCACCGGGGAGTATATGAAGTCAGGGGCTCCTCACAATCTCTGGAACAGCCTGGCGTGGAGACGCGGCTTCCTGAACAGCAGGG
NODE_76_length_2588_cov_8.053365	YP_004680224.1	2588	645	96.3	0.0	74.8	YP_004680224.1 putative envelope polyprotein 	PreXMRV-1	ssRNA-RT	CCTGTCCCAGTGCTATTCAGCCTTGATCTTTAACTGTTAATCTATAACTGAACTTCCTTGTAACTTTTGAGAACCCAGCTCTGGTACTTTTTCATGCCTTGCAAAATGGCGTTACTGCAGCTAGCTTGCTAAGCCTTATGGTGGGGTCTTTCATTCCCCCCTCTTTCTGGAAACTGAATAAAATCATTTATTCACGTGATTCTATTTCTTCTGGATCTATTGATTTGAGTTGGTGATACTGTTGGGTCAGAACCAGGGCCTGTACCACTGAAATTCTGTCTTTTACAAACTGGACCAAGCGGTTGAGAATGCAGGGTCCGAGGAGTAGGATTAATAAAAGTACTATCAGAGGGCCCATAATGGTGGATATCAGGGTCGTGAACCATGGGGACCTGTTGAACAGTCCCTCAAACCACCCTTGTCCTGATTCGAACAATTTTTGTCTCTGGTTTAGCCTTTCTCTTAGCTTAGCCATGCTATCTCTTACTACGCCAGTGTGGTCTGCATAGAAACAGCATTCTTCTTTTAGGGCGGCACACAGTCCCCCTTCTTTTAGAAATAGTAAGTCTAACCCTCTTCGGTTTTGCAGGACTACCTCGGATAACGAGGTCAGGGATTTTTCTAGGGCACTGACTGATTTCTCTAAGGCCCCAAGGTCTGTATGTATGGCTGCCTGGAGCTGTTCGAATTGTCGTGTGGCCACTAGAGCAGTGGTCCCTGTTCCTACTCCTGCTGCTATGCCGCCCATAGTAAGTCCTCCTAACAGCAGGGCCAGAGTTAAAGACACCGGCTCTCTTTTATATTTAGTTTTCTTTTCAAACTGGCCATAAACATAATCAGGGGAGTGGTAGGTTACCTTTGGCCAGAGCTCAACCAGGACACAGTAATCGGTGGTTAAGTTAAGCACAGTAGTAGATAGACAGGGAGTGAGCCCGGTGCTGCAGGCCCAAATGGTCCCGGCGGGAGAGGCCAAATAGTAGGACCCGTCGCTCGCCTTCTGGGTGGTATTACACAGGGCCTGATGGGTTTTGGGAACTGCTCCTACGCAGAGTCCCTGCCCGGTCACTTCGGACAGGGTCAGCTTGTGTTGGGAGGTCACGGAGCAGTTAGCCGGGGCAGAGGTATGGTTGGAGTAAGTACCTAGGACGGCCACCCCTTCGTAGTAGGGGGGTCCCGATACCAGACACAGCCAGCACTCTTGGGTTTTGTCGGGACTGGTGAGGTTGAGTGCTTGGTAGGCTCCTTCTACCAGGTTTAGCAGCCTGTCTCCCGTCCCAGGTTGTTGAGAAGGCGGGGGAGCCCCGGGCACCATAGAGGCCGCGCCTGAAGGAGGAGGATGAGGAGGCCTGGGGAGCATGATCTGCACGGGTTGGGAGGGAGGTAGCTGTTCAGTGATCACGGGGTTAGGCCCAATGGGGACGCGGGGTCCTACATTGAGGACCTGGCGGGTCAAAGAGAACAGGGTCACCGGGTCGGTCCCTGTGGATCGATACAGTCTTAGTCCCCATGCTTTGGGGGCGTCCCAGCTGGCCCTTTTACCCGCGTCAGTGAATTCTAGGACTAGGGGGTTGCATCGACCCCCCGGTGTGGCACCCTGGACGCTACTGGAGACCACTGAGGAATCATAACAGGGGCCCTGGCCCTTAGGAGTGTTTCCTCGCTTAAGGGAAATTAGGTCCCATGATGATGATGGCTTCCAGTATGCCTGTCCAGTGGTCTCACATCCCCATTTGCCACAGTAGCCCTCTCTCGGCCCTCCACACCCTGTTAGCACAGTATGACCGGGGCAAACATAGAAATCAAATGTTCTTGTCCTTTTTCTTCCCCCGGGAGAGCGGCAACCATGTCCACTAGAGGATTCCGGGTCATCCCAGTTGTCTCCCACTAAATCACACAAGTCAAAATATAGTTTAGGGAAGGTGTCTGTCATCGTCCCCAGGAGGGAGGTAGCATTAGCTGTTTGTCCTGTCATTAGGTTGGTAATTCTCCAAGTGACATTGAAGACCTGGTGAGGGCTGTCACGTTGTACCGAGGCTCCTGCCCTCACCAAGATCCCCATAACTATCAGGGGGCCCCACGGGTTAATCTTATCTTTAAGGGGTTTTGAGAACGCTGGACCTTCCATGCTGTTCCTGCCGGAGGAGTTGTCGCCGCCTTTGCGTGAGCGGCGTGTATCCACGCAGAGATGCCGTCTACTTTGAGAGCGGTGGGGGTGGTCAGCAGGACGGTGTAGGGTCCTTTCCAGCGAGGTTCCAAGTTCTTAGTCTGGTGCCGGCGTACCCACACGGCGTCACCGACACGGAAGGGGTGTGGTATCACTGGCTGATCTAGCTGGTCCTGATAAGCAGCGGCCAGCGGCTTCCAGACCTCTCGTTGTACTGCTTGGAGGGCCTGTAAGTGAGCTTGGAGAGAGGGGCTATTAGTAAACTTTGACATTTCAGGATCATGGAAATTAACAAGGGGCGGGGGCGCCCCATACAGGATTTCATACGGAGTGAGTCCATGGGGGCCCGGAGTATTCCGGGCTCGGTAGAGGGCCAAGGGAAGTAGGAGTACCCAGTCTCTAGTGCCAGTTGCAAGCGTTAATT
NODE_112_length_2177_cov_2.446190	YP_009509095.1	2177	371	42.5	3.77e-84	40.9	YP_009509095.1 v-kit protein (370 aa) (1242 is 3rd base in codon) 	Feline sarcoma virus (STRAIN HARDY-ZUCKERMAN 4)	ssRNA-RT	CCCGCTGCCAAGACGGTGAAGTTCAAGTGCCCGTCGAGTGGGACACCCAACCCCACTCTGCGCTGGTTGAAAAATGGCAAAGAGTTTAAGCCTGACCACCGAATTGGAGGCTACAAGGTTCGCTATGCCACCTGGAGCATCATAATGGATTCTGTGGTGCCTTCTGACAAGGGCAACTACACCTGCATCGTGGAGAATGAGTATGGGAGCATCAACCACACCTACCAGCTTGACGTCGTGGAACGATCTCCGCACCGACCCATCCTTCAGGCAGGGCTGCCTGCCAACAAGACAGTGGCCCTGGGCAGCAATGTGGAGTTCATGTGTAAGGTGTACAGCGATCCGCAGCCTCACATTCAGTGGCTGAAGCACATCGAGGTGAACGGGAGTAAGATCGGGCCAGACAACTTGCCGTATGTCCAGATCCTGAAGACTGCTGGAGTTAATACCACCGACAAGGAAATGGAGGTGCTTCATCTACGGAATGTCTCCTTTGAGGATGCGGGGGAGTATACGTGCTTGGCGGGTAACTCTATCGGACTCTCCCATCACTCTGCATGGTTGACCGTTCTGGAAGCCCTGGAAGAGAGACCAGCTGTGATGACCTCACCGCTCTACCTGGAGATCATTATCTACTGCACCGGGGCCTTCCTGATCTCCTGCATGTTGGGCTCTGTCATCATCTATAAGATGAAGAGCGGCACCAAGAAGAGCGACTTCCATAGCCAGATGGCTGTGCACAAGCTGGCCAAGAGCATCCCTCTGCGCAGACAGGTAACAGTGTCAGCTGACTCCAGTGCATCCATGAACTCTGGGGTTCTCCTGGTTCGGCCCTCACGGCTCTCCTCCAGCGGGACCCCCATGCTGGCTGGAGTCTCCGAATATGAGCTCCCTGAGGATCCCCGCTGGGAGCTGCCACGAGACAGACTGGTCTTAGGCAAACCACTTGGCGAGGGCTGCTTCGGGCAGGTGGTGTTGGCTGAGGCCATCGGGCTGGATAAGGACAAACCCAACCGTGTGACCAAAGTGGCCGTGAAGATGTTGAAGTCCGACGCAACGGAGAAGGACCTGTCGGATCTGATCTCGGAGATGGAGATGATGAAAATGATTGGGAAGCACAAGAATATCATCAACCTTCTGGGAGCGTGCACACAGGATGGTCCTCTTTATGTCATTGTGGAGTACGCCTCCAAAGGCAATCTCCGGGAGTATCTACAGGCCCGGAGGCCTCCTGGGCTGGAGTACTGCTATAACCCCAGCCACAACCCCGAGGAACAGCTGTCTTCCAAAGATCTGGTATCCTGTGCCTATCAGGTGGCTCGGGGCATGGAGTATCTTGCCTCTAAGAAGTGTATACACCGAGACCTGGCTGCTAGGAACGTCCTGGTGACCGAGGATAACGTAATGAAGATCGCAGACTTTGGCTTAGCTCGAGACATTCATCATATCGACTACTACAAGAAAACCACCAACGGCCGGCTGCCTGTGAAGTGGATGGCCCCTGAGGCGTTGTTTGACCGGATCTACACACACCAGAGCGATGTGTGGTCTTTTGGAGTGCTCTTGTGGGAGATCTTCACTCTGGGTGGCTCCCCATACCCCGGTGTGCCTGTGGAGGAACTTTTCAAGCTGCTGAAGGAGGGTCATCGAATGGACAAGCCCAGTAACTGTACCAATGAGCTGTACATGATGATGCGGGACTGCTGGCATGCAGTGCCCTCTCAGAGACCTACGTTCAAGCAGTTGGTGGAAGACCTGGACCGCATTGTGGCCTTGACCTCCAACCAGGAGTATCTGGACCTGTCCATACCGCTGGACCAGTACTCACCCAGCTTTCCCGACACACGGAGCTCCACCTGCTCCTCAGGGGAGGACTCTGTCTTCTCTCATGAGCCGTTACCTGAGGAGCCCTGTCTGCCTCGACACCCCACCCAGCTTGCCAACAGTGGACTCAAACGGCGCTGACTACCAACCCTGTCCCCAGTTTTCTCCCATTCCGTCGTCACCCGTGCCCCTCACCCACAATCCCCTTGTTGGACACACTGCCTTTCTCCTCCTCCTTTGCCGCTGGCAAGAGCCAGTGCCTGACTGAGGCCTTCCTGTGTTGTGGCCTTCCCCCTCCATCACCCCCAAGACCCCTCTTCTCCCTCTTCTTAGCCTGCTGTGTGAGAGAGGAG
NODE_153_length_1886_cov_4.674959	NP_057934.1	1886	538	99.3	3.02e-84	22.1	NP_057934.1 Pr65 	Moloney murine leukemia virus	ssRNA-RT	AGCCTCTGAGCCCAGAAAGCGAAGGAGCAAAGCTGCTATTGGCCGCTGCCCCAAAGGCCTACCCGCTTCCATTGCTCAGCGGTGCTGTCCATCTGCACGAGACTAGTGAGACGTGCTACTTCCATTTGTCACGTCCTGCACGACGCGAGCTGCGGGGCGGGGGGGAACTTCCTGACTAGGGGAGGAGTAGAAGGTGGCGCGAAGGGGCCACCAAAGAACGGAGCCGGTTGGCGCCTACCGGTGGATGTGGAATGTGTGCGAGGCCAGAGGCCACTTGTGTAGCGCCAAGTGCCCAGCGGGGCTGCTAAAGCGCATGCTCCAGACTGCCTTGGGAAAAGCGCCTCCCCTACCCGGTAGAATTAGATCCTAAGCGTAATCTGGAACATCGTATGGGTACTCGAGCTGCTGGCTGACCCCCATCTGGGGGTGGTCCGCCTCTGGCTCCTCTTCTTCCACGTCAGCACTGTACTCTTCAAACGCATCGTCATCTGCATCCGGAAGCCCCAGTAAAGGTCTGAAAGACTTGAAGACTTTTTCCAGGACTTCGTGGAGCGTCTTCTTGCCGCAGGAGGAGATGTAATCCTGTGCTAGCTGCAAGAAAGGCAGGCAGTCCTCGCTCTCACTCCACACGTGAAAATTGTCGCCGCAGCCGTTGTCCGGACACAGCACATAGAAGGAGACGCCGGGGTCGGCGTAGAAATCCATCCTGCGTTCGGTCTCCTCGGTGGCGATGAGCTCGAAGGGCGTGTTGGAGCACCATTTCTCCGCAACGTCGGCCAGCTGCTGGAAATCCATGGTGGCCGCACGCGTAATTCCGGCGCCTAGAGAAGGAGTGAGGGCTGGATAAAGGGAGGATCGAGGCGGGGTCGAACGAGGAGGTTCAAGGGGGAGAGACGGGGCGGATGGAGGAAGAGGAGGCGGAGGCTTAGGGTGTACAAAGGGCTTGACCCAGGGAGGGGGGTCAAAAGCCAAGGCTTCCCAGGTCACGATGTAGGGGACCTGGTCTGGGTGTCCATGCGGGCCAGGTGAAAAGACCTTGATCTTAACCTGGGTGATGAGGTCTCGGTTAAAGGTGCCGTCTCGCGGCCATCCGACGTTAAAGGTTGGCCATTCTGCAGAGCAGAAGGTAACCCAACGTCTCTTCTTGACATCTACCGACTGGTTGTGAGCGATCCGCTCGACATCTTTCCAGTGACCTAAGGTCAAACTTAAGGGAGTGGTAACAGTCTGGCCCTAATTTTCAGACAAATACAGAAACACAGTCAGACAGAGACAACACAGAACGATGCTGCAGCGCTGCAGCAGACAAGACGCGCGGCTTCGGTTCCAAACCGAAAGCAAAAATTCAGACGGAGGCGGGAACTGTTTTAGGTTCTCGTCTCCTACCAGAACCACATATCCTGACGGGGTCGGATTCCACATCGACTCCCTTCCTCAGGTCGGGCCACAAAAACGGCCCCCAAAGTCCCTGGGACGTCTCCCAGGGTTGCGGCCGGGTGTTCAGAACTCGTCAGTTCCACCACGGGTCCGCCAGATACAGAGCTAGTTAGCTAACTAGTACAGACGCAGGCGCAAACATTAGATGCCGGCACAAACACGCACAAAGACAGAGACAGACACGAAACGACCGCTGGCCAGCTTACCTCCCGGCGGGGGGGTCGGTGGTCCCTGGGCAGGGGTCTCCAAATCTCGGTGGAACCTCCAAATGAAAGACCCCCGAGGTGGGCAGTCAATCAATCTGAGGAGACCCTCCCAAGGATCAGCGAGTCCACGATTCGGATGCAAACAGCAAGAGGCTTTATTGGGAATACGGGTACCCGGGCGACGCAGTCTATCGGAGGACTGGCGCGCCGAGTGAGGGGTTGTGGGCTCTTTTATTGAGCTCG
NODE_155_length_1875_cov_1.158509	YP_009109701.1	1875	217	43.1	0.00074	8.2	YP_009109701.1 p20E 	Baboon endogenous virus strain M7	ssRNA-RT	AAAAGAGAGCATAGAGACCCGGAGGGAAGGGGTTTGGGGGTTCTTGCCCCCTAGAAAAGCGGGACTTGCCGCTAAGGGTGAAGGAGAAGGGGTTGAGGGGTACTTGCCCCTGCCCCAGGAAAGCAGAGAAGGGGTGGAGACAAGGAGAGAAGGGGTTGGGGTACTTGCCCCTTCCCCAGAAAAGCGGGACTTGCCGCTAAGGGTGAAGGACCAAGGCAGGCGTCCCTGCGTGGTCTGACACCCTTGAAACGTGGGTGTATAATCAGGCGTCCCTGCAATGATTAAACACCAAGGGAAGGCTGCCTTCCCAGTCCGTGACCGGCGCCGGAGTTTTGGGTCCACGGATAAAACGTGTCTCCTTTGTCTCTACCAGAAAATGAAAGGAATTGAAATTAAGAGAAGGGAGAGATTGAAGTGTGGTGCCAAGATTGAAAGGAGAAAGAGGTTTAGGGATAGTGAGGGAGATTGGAGAAGAGAGTAAAAAGAGGCCACTTACTGGATTTGAAATTGGTGAGATGTTTCTTGGGCTGGTTGGTCTGAGGACCTGAGGTCATAGGTGGATCTTTCTCATGGAGTAAAGAGCAGGAGGACGGGGGATTGATCTCCCAACGGAGGTCCCCCAGTCCGAGTCACAGCACCAAATTTCACTCAAGTCCGTGTGAAGAGACCACCAAACAGGCTTTGTGTGAGCAACATGGCTGTTTATTTCACCTGGGTGCAGGCGGGCTGAGTCCGAAAAGAGAGTCAGTGAAGGGAGATAAGGGTGGGGCCGTTTTATAGGATTTGGGTAGGTAAAGGAAAATTACAGTCAAAGGGGGGTTGTTCTCTGGTGGGCAGGTGTGGGGGTCACAAGGTGCTCAGTAGGGGAGCTTTTGAGCCAGGATGAGCCAGGAGAAGGAATTTCACAAGATAATGTCATCAGTTAAGGCAGGAACAGGACATTTTCATTTATTTTGCGGTGGAATGTCATCAATTAAGGCAGGAACCGGCCATCTGGATGTGTACATGCAGGTCACAGGGGATATGATGGCTTAGCTTGGGCTCAGAGGCCTGACGTTCCTGTCTTCTTATATTAATAAGAAAAATAAAATGAAATAGTGGCAAAGTGTTGGGGTGGTGAAAATTTTTGGGGGTGGTATGGAGAGATAATGGGCGATGTTTCTCAGGGCTGCTTCGAGCGGGATTAGGGGCGGCGTGGGAACCTAGAGTGGGAGAGATTAAGCTGAAGGAAGATTTTGTGGTAAGGGGTGATATTGTGGGGTTGTTAGAAGGAGCACTTGTTGTATAGAATGATTGGTGATGGCCTGGATACGGTTTTGGATGAATTGAGAAACTAAATGGAATAAGAGAAGGAGAAAAACAGGTATTAAAGGACTAAGAATTGGGAGGACCCAGGACATCCAATTAGAGAGTACCCAAGGGGATTTAGCGTAATTATTTTCTTGGTTGGCGAGTTTTTGGGCTCTATCCTTGAGTTTTTTATGTTGTCATATACCAGGCCAGACTGATTTAGGTAAAAACAACACTCTTCATTTAAAAATATACAAAGTCCTCTTTTTTAAGCAGTGAGTAAGTCGAGGCCTCGGTGATTTTGGAGGAAAGAGAAATGCAAAGCCAGCAATTGTTAAAGAAGGATTAGAAATGGCTAGGAGAGAGTGAGTTTGATAGTGTGGTGGAGATAGCTGGGGAGAGGTAGAGGGTGCCATAAGAACAGGAACAAGAATAAGAGTGAGTGTAAAAGTAAAGAATAGGACCTCATCAGGGTGAAAGTATTGGAGTGTACCCTGTTACCAAAGATCATCTATCCACTCTAAGAGGGACTTAAGAGTTGCCAGTCCTAGGCGGGGGCCAATCCCCGTGCTTGATGTGTAGGGA
NODE_157_length_1868_cov_2.675600	YP_010801995.1	1868	459	36.4	3.3999999999999994e-52	49.1	YP_010801995.1 beta-galactosidase 	Acanthamoeba castellanii medusavirus	unknown	CAATCGTCGAAAGTGATCTCTCTTTTAGTCCGGTCTTCTTTTCTCTTTTGAGTCAGGTTCTTAAGACAGGGCAGGGAATCGGGTTTTATGAATATCTCTCTTCCGGCCGTTAGTTCGAGATCAAAACTTTACCTGAGAGAGACGTCACTGATAGTAACAGTAGGTGCGCCTTCAGTTGAGGAGAGCTCTTTTCACAAGCAGTGGTTATGAGCTCTTTCTTGTTTCGATTCAGAAGTTGCATAAACCATTGTGCAGACATCTTAGGGTACCTCTTCAGGGTCTTGTAATCAACATAGACGATCCCGAACCTTGAAGTATATCCTGACAGCCATTCGAAATTATCAAGCAATGACCACGCGAAATATCCCTTCACATTGGCTCCATCATCCACAGCTTTCTTAAGTTGAGTTAAGTAATCTTTATAGTACTTGATTCTCGTTGTGTCGTGTAGTCCTTGAGCTAAAGTAACGTTGCCTGAATCATCCATACCATTTTCGGAGAGAATCATAGTTGGGTTGCCGTAACGTTCCTTCATGTACATCAAGGCTTTGTACATTCCCCATGGTACGTTGTATAACCAATAAGAGTACGCCCTTGGACCGATTGGCTTCCCCAGCTTTGCATCTGTAAGTATATTAACGAAAAAAGAATTGCAAATAAAAACTCAAAATCTACAGATAATAGTCATATGGAATGTTCCAAGAACTTACACCCGAAAGTAGCATTCCAATCTTGTTGGTAACCCAGCTCCTTAGGTATGGTGGCGTTATGAGTATCTGACATGAAATAAGTTGTGTATTGGTTTATTCCCACGAAATCTATGGAACCTTTCACCATTTTCACTTCCTCCTCTGTAAATTTCGGAAGCCTATCTTTCACGATATACTGCATTGTCTGTGGATACTCTCCGTATACTATTGGGTGAATAAACCATCCGATATGGAAGTCTCTTGCCCTTTGAGCTGCAAGATAATCTGCTTTACTTCTAGTAAGCGGCTCATACCAAACGAAATCTAGAAGAATCCCAATTCTTCCTTTTTGTTTCGCTTGGTAATATTTGCGGTATCTTTGGGCGGCTGCTGCATGGGCCAAGATAAGGTGATGGGAAACAATGTATGGCTCAGTACCTGAGTTCCCCTGTGTGCAGTTTCCATATGATTTAGAGCATCTACCCGGTGCGAATATACCATTATCATAACCTAAGGCAGCTACCACACGCGGTTCATTAAACGTCATCCAGTTTTTCACTCTGTCTCCAAATATATTGAAGCAAAACTCTGCGTAATCCGCAAAATCATTCACAACTTGTCTACCAAGCAAGCCTTTATACTTCTTTTCCAAAGCCAATGGAAGATCGTAATGGTACAGATTTGCATACGGTGTAATCCCTTTTTGGATCAAATAATCGATCAATCGGTTGTAATAATCAACTCCTTTCCAGTTGATTTTACCGGTTCCCTCAGGGAATATTCTGGACCATGAAATAGAAAATCTATAAGCATCGAAATTAAGTTTCTTCATCAAATCCACATCTTCCTTGTAACGATGATATTGATCCACTGTTAGCTCAGCCGTGGCATTCTTGGCGATAGTCCCAGGAATCTTGACGAAGGCGTCCCAAATGCTTGGGCCACGACCATCTTGATGAGTTTCGCCTTCGACCTGATAAGCTGACGTGGCTGTTCCGAACAAGAAGTCCTTTGGAAAACTCTGTCTACTTAGACCGCCGGTGTCCAGTTTAATCTTCTCTCCGAACGGTGAGGATTCGCCGGAACTGAAAAAACAGAGGAGGATGAGGGCAAGAAGAAAGAGAGGCCACGGAGGTGCAATGAGGTGCCTCATGGTGGTGAGTGAGTTCTGACTGTTTG
NODE_185_length_1799_cov_4.933217	YP_009507791.1	1799	1086	35.6	9.59e-09	15.0	YP_009507791.1 pol polyprotein 	Puma lentivirus 14	ssRNA-RT	CTGGTGGATCAACAAGCCAATTCCAGTATTTTAAAAGATTCATCCTTGTACTTCTGTTACTCTAGAACCACTCCTGGTACCAACTTCTGTATTAGTCAGGGTTCTCTAGAGTCACAGAACTTATGGATAGTCTCTAGATAGTAAAGGAATTTATTGATGACTTACAGTCGGCAGCCCAATTCCCAACAATTGTTCAGTCGCAGCTGTGAATGGAAGTCCAAGGATCTAGCAGTTACTCAGTCTCACGCAGCAAGCAGGCGAAGGAGCAAGAGCAAGAGCTAGACTCCCTTCTTCCAATGTCCTTATATTGTCTCCAGCAAAAGGTGTAGCCCAGATTAAAGGTGTGTTCCACCACACCTTTAATCCCAGATGAAAGGCATAGCCCAGATTAAAGGTGTGTTCCTTAACTCGGAGATTCAATCTTCTGGAATCCATAGCCACTATGGCTCAAGATCTTCAAACCAAGATCCAGATAAGGATCTCCAAGCCTCCAGATAAGGGTCACTGGTGAGCCTTCCAATTCCGGATTGTAGTTCATTCCAAATATTGTCAAGTTGACAACCAGGAATAGCCACTACAATCCACCCCTTGTCAACTTGACACAAATAATATCTCATGTTCACATGAAACAATAACAAGGTTGTAAATACGCCTAACATGATATAACTATCCCTCGTACAATCGCAAACGCATTTGTCAATTTACAAGGGGGCATTCATATTACTTTATAATCCTCGTTTCTGCAACTGGTTACGTGGCCTTAATTGGTATTTATAACTACCTTCCTCTACTACCCATTCTGTATTTCCTTCACCTTCAGCCAGCACCTCAGCAGGTCTTGGCTCTTTTCCTGGAGGATTGACCCATACCTTCATTCCTGATGGGTCTGCGTCCTTTGTCATCCTGCTTGGATTAGGCTGTTGTAGTTTCCCATTGACTTTAATCACAGGACATGGTAGTACTAAGAGACGCCCTAAGGGATCTCCTACACTCCAGACATAATCTTGCTTACCACCATTGTGAAGAGGTAATCCAATTTCCCCATGGTAATCTGGATCTATCACCCCTCCTAACACTGTTATTCCTTTTTTAGCCTGTTGGTTTAAGGGCATTAGAAGCCCAAAATGACCAGGGGGAAGTCTGAGCTTCCAGTTCAATGGAATGTTTGTTGTAGCTCCTGGTAGGAGCACTCCCCTCTCTGGAGCCAAAACTTCTAGGCCAGCAGAACCTAGAGTTATGGGGACAGGAAGCAAAAATTTTCCTAGAGGGTCACTAGGAGTGATAGTAAGTGGAACTATTCCTTTTTCCACCCCTTGATTCCTGGACCCATGAATCCTGGCTATGGGTGAAACTGTACCATATATCGAGCGCTGATTCAAAGCATATACTGCCTTCTGAAGAACTCTGCCCCAGCCTTCCAAGCTGTTACCACCTAATTGGCGCTGTAACTGCGTCTTCAAAAGGCCATTCCATCTTTCTATCAGCCCAGCTGCTTCAGGATGATGGGGAATGTGGTAAGACCAGTGAATTCCATGATCGTGAGCCCACTGTCGTACTTCTCTGGCTGTGAAATGAGTTCCTTGGTCAGAAGCAATACTGTGTGGAATACCATGACGATAGATGAGGCATTCTGTCAGTCCGTGAATGGTGGTTTTAGCAGAGGCATTACGTGCAGGAAAGGCAAATCCATAACCAGAATAAGTATCTACTCCAGTAAGAACAAAACGCTGTCCTTTCCACGAAGGAAGTGGTCCAATGTACTCAACCTGCCACCAGGTTGCTGGCTGGTCATCTTGGGG
NODE_198_length_1757_cov_7.629762	NP_043518.1	1757	538	90.3	0.0	91.5	NP_043518.1 hypothetical protein 	Murine type C retrovirus	ssRNA-RT	ATCTAAGGTCAGGAGGGAGGTCTGGGGCCTCGGTCCTCGGGGGCCTCGTGGCTTCTTTGGGCAATCCTTAGCCCAGTGTCCCTTTTCTTTGCAGTAAGCGCATTGGTCCTTATCAAGTTGGGGCCTCCTTCGCTCTCCCCCCTGTCTATCCTGTCTCTGACCAGTAACTACAGTGGCCAAGAGCTTGCTCATTTCTCTCTGTCTTCTGCGGTCCCTCTCTTTCTCTTTCTGCTCATCCTCTGCCCTACGGCGCTCTTCTTTTTCCTCTGTTTCTCTCCTGATACGTTCCTCTCTTTCTTCCGGGGTCTCCCGCTTATTAAAGATCTTTTCAGCTTCCCTCACTAAGTCTCCTAAGGTCTTGCTCTTTAAATCTTCTAACCGCTCTAACTTTCGCCCGATATCCGGGGCAGACTGCCAGATGAATGACATGGACACATTGGTTTCTTGCCCTGGGTCCTCAGGGTCATAAGGCGTGTACCTGCGATAGGCCTCCTTGAGTCTCTCTAAAAAGGCTGAGGGAGACTCATTAGGTCCCTGGGTTATTCCTTTTACCTTGGCCAAATTGGTGGGGCTTCGGCCCGCGTTTTGGAGACCCGCTAAGAGCAACTGGCGATAGAGAACTAGGTGGTTCCTACCTTCAGGGGTTGTATAATCCCAATCGGGACGTTCAAGGGGGAAGGCGGAATTGACTTCATTAGGCAACTGGGTGGGGCGTCCATCGTTGCCCCGGACTGCCTTTCTGGCCTCTAGGAGCACCCGCTGCTTTTCTTCTCCTGTCAGCAGAGTCCCCAACAATTGCTGACAGTCGTCCCAGGTGGGTTGGTGGGTGGTGAGGACAGACTCAATTAAGGCGGTCAATTTACCTGGATCTTCAGAAAAGGAAGGGTTATTATTTTTCCAGTTATATAGATCAGAGGAGGAAAACGGCCAGTACTGTAACTGACCATTACCCCCCAAACGGAGTGGGAAAGCCCGAGAGGTGGTGGAATCTGCCGCGGGGGGGTCTCTTTTGCCCCGCAGGCGAGACACCATGGGAGAGGGGGCAGGAATCTCAGAAGTGGAGGTGGCCTCTTCTCTGTCGCCATCTCCGTCAGAGGAGGACGGTCCCTGTTCTCCGTACGGCGGAGGGTCTTCTGTGAGAAGGTCAATGAGAGGTCCGCCATTATCGGAGAGAACCTGAGGTTTAGAAGGTCTGGGTTTTATAGAGGGGGTAAGAGCAGGGTAAAGGGCAGATCGGGGCGGAGGTTGGGTCGAAGGACCGGATGGGAGGATGGGAGCGGTTGGAGAGAGGGAGAGTTTGGGAGAGACAAAAGGTTTGACCCACGGAGGGGGCTCATAGGCAATAGCCTCCCAGGTGACAATGTATGGGACCTGATCCGGGTGTCCGTGGGGACCAGGAGAGAACACCTTAGATTTAACCTGTAGAATAATGTCCAAGTTAAAAGTACCATCTTGTGGCCACCCTACACCGAAAGTTGGCCACTCGGCAGAGCAGAAGGTGACCCAGCGTCTCTTCTTGACATCTACGGACTGATTGGACGCGATGCGCTGGACATCTTTCCAATGTTCTAGGGTCAGACTCAGAGGGGTGGTTACGGTCTGTCCCATGTTTTTAGAAGCGGTCCAAAACAATAACGAACAGACAAATAACAAAACAATACTGAGACAGACAAGGCGCGCGGCGCGGTTTCGGCGAAAAACCGAAAGCAAAAATTCAGATGGAGGCGGCGAGGGCTTGGACCTCTCGTCTCCTAAAA
NODE_204_length_1749_cov_3.745215	YP_010801995.1	1749	459	33.1	2.01e-71	81.5	YP_010801995.1 beta-galactosidase 	Acanthamoeba castellanii medusavirus	unknown	TGTAGATCGAAGAACCTCCTTATCTATTGAGTAAGTAGGAAGAGTGAGAGATATAGAGATGATCTTGATGGTGGAAAGTGTTTCATGCATCAGCGAGCCTCTTCTTCCGACTCTGGGAAGATAGGCTTGAGCGGAGGAAATCTTGTTTCGCAGAATTCTTGACAGTCCCGTTAATGAATCTCTGGTACCATTTGCCAGATTCTTTGAGGTTTCTGTCGTCGAGATCTTCCCAATTAACGTAACTGAGTCCAAATCTGACGGTGAAACCTTTACAGAATTCATAATTATCTCCAAGAGCCCATGCAAAGTATCCTCTCACGTTGACACCCTTCTCCTTGATGACCTTGCGGAGAAAACATAGATGGCTGCATAGATAATCGATTCGCTTGTAATCGGCAATAGCTTGCTCACGGTTTTCTGAACTGGGGGTACTAAATCCATTTTCGGTGACATAGATTAAAGGGTCGCCGTATTTGGTTTTGAAGTAGTCCATAACGTAATAAATGCCTTTTGGGTAGTAATAGCTGTTGCCGTTTACTTCGTCTTCAACAAACAGTGGACCAAGAAATTCACCACGTGAATTATCATATGTGAGCTTTACGCCAGCGTCCATCATGGCAGTGTGTGTCTCTGAAGGATATGGGTTCGGTTTTGGCTGGGCGTATTGAGTGACGTAATAGTTGAGACCAAGAAAATCATATGAACCAGCAACGAGTTCTGCTTCTTCCTCGGTGAAATTGGGAAGCCTACTACCCACAATCTGCCTCATGATGTCTGGGTATCTACCCTTTGTTAGCGGCTCCATGTACCATCCATGGAAGAATTGGTTCATCCTCTCAGCTGCTTCTATGGAGGCAGGATCAGACTCATCAAATGGAAGAAACCATCTTGTAATCATCACAGGTCCAATCTTCCCTTTTTGGAACTTGTATTTGGTCCTGTAAAGATCGACGACCGTGGCATGAGCAAGAAGCTGGTTATGTGCAACGATGTAGGGTTCTGTTGAAGAATTTCCACCGTAACACCTGTGCTTGGTATCAACCATAGGAGAACATCGACCTGGTGCATCTGTTCCGACAGCATAGCCTCTTGTAGGCACTGTGTATAGCTGGTTGATCGTGATCCAGTGCTTTACCTTTCCACCAAATTCTTTGAAACATAGATCCGCGTAGTCTTTGAAATCTTGTATGATCTGGCGGTCTAAGAAACCTTCATACTCATCTTGGAGTGTTTGAGGAAGATCCCAGTGAAAGAGGGTAACGAAAGGCGTTATATTCTTTTCGAGGAGTGCATCTATGAGTTTGTGGTAGTAATCAAGACCTCCTTGGTTCACTCCCCTACTCACCTTTCCTTTTGGAATGATTCTTGACCACGCAAAGGAGAACCTGTAGCCAGTAGCATTGAGTTCGCCCATCACGTCTACATCTTTCTGCCATCTCGTGTATGACTCACAAGTAGTGTCTCCATTCTTCAAATCTGACCCTGATTTCTCTGGGTATCGGTGACTGAAGCCATCCCAAACGTTAACACCACGACCTCTCCCTCCTTCAATCTGGTAAGCAGAAGATGCAACACCGAAAATGAAATCTTTTCCGAAGTTCTTACTGCTTAAAATATCAGTGTTACTACATGTGAATGGGTTGCTCTCTTCGCAAGTAATTTCTTCATCAGCTTTGCAACTCGCAGCAGCTAATAGAAAAACTAAAGCGAGTCCATGAAGAAGCTTCATGGTTAATATGTTGATGTATG
NODE_238_length_1658_cov_6.256167	NP_057933.2	1658	1737	87.0	0.0	99.9	NP_057933.2 Pr180 	Moloney murine leukemia virus	ssRNA-RT	CTCTTTGTCGACGAGAAGCAGGGCTACGCCAAAGGCGTCCTAACGCAAAAACTGGGACCTTGGCGTCGGCCCGTGGCCTACCTGTCCAAAAAGCTAGACCCAGTGGCAGCTGGGTGGCCCCCTTGTCTACGGATGGTAGCAGCCATTGCCGTTCTGACAAAAGATGCAGGCAAGCTAACTATGGGACAGCCGCTAGTCATCCTGGCCCCCCATGCAGTAGAGGCACTGGTCAAGCAACCCCCTGACCGCTGGCTATCCAACGCCCGCATGACCCACTACCAGGCAATGCTCCTAGACACTGACCGAGTTCAGTTCGGACCAGTGGTGGCCCTCAATCCTGCCACCTTACTCCCTCTCCCGGAAGAAGGAGCCCCCCATGATTGCCTCGAGATCTTGGCTGAAACGCATGGAACCAGACCGGATCTCACCGACCAGCCCATCCCAGACGCCGACCACACCTGGTATACCGATGGGAGCAGCTTTTTGCAAGAAGGACAGCGAAAGGCTGGGGCAGCGGTGACCACTGAGACCGAGGTAATCTGGGCAAGGGCACTGCCGGCTGGAACATCTGCCCAACGGGCCGAACTGATAGCACTCACTCAAGCCTTGAAGATGGCAGAAGGTAAGAGGCTAAACGTTTACACTGACAGCCGATATGCTTTCGCCACGGCCCATATCCATGGAGAGATCTATAGGAGGCGAGGGTTGCTAACCTCAGAGGGTAGAGAAATCAAAAACAAGAGCGAGATCCTGGCTTTACTGAAAGCTCTTTTTCTGCCAAAGAGACTCAGTATAATCCACTGCCTGGGGCATCAAAAAGGAGATAGTGCCGAGGCTAGGGGCAATCGCCTAGCAGACCAAGCGGCCCGGGAGGCAGCCATAAAGACGCCTCCAGATACATCCACTCTCCTTATAGAGGATTCAACCCCATATACGCCTGCCTATTTCCATTATACTGAAACAGATCTAAAGAAACTCAGAGAGCTTGGGGCCACCTATAACCAGAGCAAAGGATACTGGGTCTTCCAAGGCAAGCCGGTGATGCCCGACCAATTTGTATTTGAACTGTTAGACTCACTCCACCGGCTCACCCACCTCGGCTACCAGAAAATGAAAGCACTCCTTGACAGAGGAGAAAGCCCCTACTACATGCTAAACCGGGACAAAACCCTCCAATATGTGGCAGATTCCTGCACGGTCTGTGCCCAAGTCAATGCCAGCAAAGCTAAAATCGGGGCAGGAGTGAGAGTACGAGGACGTCGGCCAGGCACCCATTGGGAGATCGATTTTACAGAAGTCAAGCCAGGGCTGTATGGGTACAAGTACCTCCTGGTATTCGTGGACACCTTCTCTGGTTGGGTGGAAGCCTTTCCAACCAAGAGAGAAACAGCAAGAGTCGTGTCCAAGAAATTGCTGGAAGAAATATTCCCGAGATTCGGAATGCCACAGGTATTGGGATCTGATAACGGGCCTGCCTTCACCTCCCAGGTAAGTCAGTCGGTGGCCGATTTACTGGGGATCGATTGGAAATTACATTGTGCTTATAGACCCCAGAGTTCAGGTCAGGTAGAAAGAATGAATAGAACCATCAAGGAGACTCTAACTAAATTAACGCTTGCAGCTGGCACTAGAGACTGGGTACTCCTACTCCCCTTAGC
NODE_258_length_1615_cov_5.215215	YP_009513212.1	1615	659	35.6	3.13e-97	91.0	YP_009513212.1 envelope protein 	Koala retrovirus	ssRNA-RT	GGAGATGCTGCCAAGTGCCCCAGACGGGATCAAGACTCCAATGACAACCATAAGATTCCCTAAAGCTAAGACACTGCAGATCTTGACTCTGCTGATTTCTATAGGTGTGGTCCAAACTAGTCCTATGCCCCATGAACCCCATAACCTTACTTGGGTTATAACTAACACTGCTACGGGGACTGTAATTAACTCGACCTCCCACCTCGCCCCCATTGGAACTTGGTTTCCTGATCTTGTTTTTGATTTGTGTGCACTAGCGGATGGGACCTGGGATCCCCTGGGCCTTGTATGGGGGTGTCAACATCCAGCTCAACACAGTGAACTTCGGAGAACCCCCTTCTATGTCTGCCCTGGAGAGGGGAGGTCTCCACAGCAGACGGCTACCTGTGGAGGACCAGAGTCATACTTCTGTGCATATTGGGGTTGTGAGTCGACTGGGTCCATCTCCTGGACGCCACCGATAAAAGATGACCTCATCAAGGTCCAAAGGAGCCCTGGATCGGAATCCCAAGGATGGGGGTATGGATTGCAGCCCAAGCTGGATGCAAATGATCTTGGTGGGCCATGTTCCTCCAACTGTAACCCCATTACAGTTCAGTTCACCCCCAAGGGAAAAGAAAGCGTAGGATGGGAAAAGGGAAAGACATGGGGACTAAGACTGTATGTGTCTGGATATGACTATGGAGTAATGTTTACGATCCAACTCTCTGCCCGACAGGGCATGCCTTTAGGCCCCAATCCAGCCCTGCCCCCTGTTGGACTCACGGTGACTCAATCACAAATCACAGTCCCCATTTCTCAGGAACTTAGACCCAGGTCTGGGCCATGGGACTTGCTTAAGGCCACTTACCTGGTATTGAATAATTCTAAACCAGAGCTTACAAGTAAATGTTGGCTCTGCTTGGATGCCCAGCCACCCTATTATGAAGGAATAGCCGTTCCTGGAAATTATACCACCTCTACTGACAACAAGGACTGTCGTTGGCAGTATCCAGGTAAAGGGAGACTAACCTTAGAGCTAATTCAGGGAAAAGGACTCTGCTTTGGGACAATACCCCACACCCATAGACATTTATGTAATAGCATCCAGGAAGCCCCAGACAGGGATGCTTACATTATACCCCCCATCAATACATGGTGGGCATGCACTACTGGGCTGACATCTTGCATCCACACCCAGGCTCTTAACCTCACAAATGGATTTTGTGTACTGGTCCAGCTTGCCCCTAGAATTCTTCGTTACTCTGATGAGATGGGGACCAGACTATCTCCATTCCCAGCTGCTCGAGCGAAGCGGGCTACTGTTGCCGAGATCCTGGGTGCATCAGCCTTCGACTTCCAAGATGAGAATTATAAAGTGTTAAGCTCTGCCATAGATGCAGATTTAATGGAACTAGGGAAATCCTTATCCAAGTCCAAAACCTCATTAACTTCTCTAAGGGAGGCCACCCTTCGAAATCAGCGGGAACAAGACTTCCAATCTCTGCAACAGGATGGACTGTGTAAACCTCTGGAGAAAAGGTGCTGCACCTTTGTGGATAACTTAAAGCATGCGAGGGAGTTATTGGCTAAGGTGAGGAAACGTCTAGAAGACAGGAAAAGGGAAATGGAACAG
NODE_289_length_1563_cov_4.111709	YP_009109694.1	1563	677	24.6	2.8e-25	94.4	YP_009109694.1 reverse transcriptase 	Baboon endogenous virus strain M7	ssRNA-RT	CTTCACAGTTTTGCCTCAAGGATATATTAACTCTCCTGCCCTGTGTCATAATTTAGTTAGAAGGGATCTTGATCGTTTGGATCTTCCACAAAATATCACATTGGTGCACTATATTGATGACATTATGCTGATTGGACCAAGTGAGCAGGAAGTAGCAACCACTTTGGACTCATTGGTAACACATATGCGTATCAGAGGATGGGAAATAAATCCAACCAAAATTCAAGGACCATCTACCTCAGTGAAATTCTTAGGAGTCCAGTGGTGTGGGGCATGCAGAGATATTCCTTCTAAGGTGAAAGATAAGTTATTGCACCTGGCCCCTCCTACAACCAAGAAAGAAGCACAACGTTTAGTGGGTCTATTTGGATTCTGGAGACAACACATCCCTCACTTGGGTGTGTTACTTAGGCCTATTTACCAAGTGACTCGGAAAGCTGCTAGCTTTGTGTGGGGCCTGGAACAGGAGAAGGCCCTTCAACAGGTCCAGGCTGCTGTGCAGGCTGCTCTACCACTTGGACCATATGACCCAGCAGATCCGATGGTACTTGAGGTGTCTGTGGCTGATAGAGATGCTGTTTGGAGCCTCTGGCAGGCCCCTGTAGGTGAATCACAGAAAAGACCTTTGGGATTTTGGAGCAAAGCTCTACCATCATCTGCAGACAACTATTCTCCCTTTGAAAAACAGCTCTTGGCCTGCTATTGGGCCTTAGTGGAAACTGAACGTTTGACAATAGGACACCAAGTTACTATGCGACCTGAACTACCCATCATGAGCTGGGTACTATCAGACCCTGCAAGTCATAAAGTGGGACGTGCACAGCAGCAGTCTATTATCAAATGGAAGTGGTATATACGTGATCGGGCCAGAGCAGGTCCTGAAGGCACAAGCAAGTTACATGAAGAAGTTGCTCAAATGCCTATGGTTTCTACTCCTGTTACAATGCCATCTGCTGCCAAGCATGCACCTATAGCCTCATGGGGTGTTCCCTATGATCAACTGACCGAAGAGGAGAAGACTAGAGCCTGGTTTACTGATGGCTCTGCACGTTATGCAGGCACCACCCAGAAGTGGACAGCTGCAGCATTACAACCCCTTTCTGGGACAACCTTGAAAGACACAGGTGAAGGGAAATCTTCACAGTGGGCAGAACTTCGGGCAGTACACATGGTATTACAGTTTGTTTGCAAGAAGAAATGGCCAGATGTACGATTATTCACTGACTCATGGGCTGTAGCCAATGGATTGGCTGGATGGTCAGGGACTTGGAAAGATCACAATTGGAAAATTGGTGAGAAAGACATCTGGGGAAGAAGTATGTGGATAGATCTCTCCAAATGGGCAAAGGATGTGAAGATATTTGTGTCCCATGTAAATGCTCACCAAAAGGTGACTTCAGCTGAGGAGGAGGTCAGTAATCAAGTAGATAGGATGACTCATTTTGTGGACACCACTCAGCTTCTTTCCCCAGCCACCCCTGTCATTGTCCACTGGCTTCATTTAAAAAGTGGCCATGGTGGCAGGGATGAAAGTTATGCATGGGCTCAGCAACATGAATTTCC
NODE_370_length_1467_cov_5.158993	NP_955602.1	1467	425	59.6	1.16e-141	87.3	NP_955602.1 MYC 	Avian myelocytomatosis virus	ssRNA-RT	GGACTCCCCAGGCTCCGGGGAGGGAATTTTTGTCTATTTGGGGACAGTGTTCTCTGCCTCTGCCCGCGATCAGCTCTCCTGAAAAGAGCTCCTCGAGCTGTTTGAAGGCTGGATTTCCTTTGGGCGTTGGAAACCCCGCAGACAGCCACGACGATGCCCCTCAACGTGAACTTCACCAACAGGAACTATGACCTCGACTACGACTCCGTACAGCCCTATTTCATCTGCGACGAGGAAGAGAATTTCTATCACCAGCAACAGCAGAGCGAGCTGCAGCCGCCCGCGCCCAGTGAGGATATCTGGAAGAAATTCGAGCTGCTTCCCACCCCGCCCCTGTCCCCGAGCCGCCGCTCCGGGCTCTGCTCTCCATCCTATGTTGCGGTCGCTACGTCCTTCTCCCCAAGGGAAGACGATGACGGCGGCGGTGGCAACTTCTCCACCGCCGATCAGCTGGAGATGATGACCGAGTTACTTGGAGGAGACATGGTGAACCAGAGCTTCATCTGCGATCCTGACGACGAGACCTTCATCAAGAACATCATCATCCAGGACTGTATGTGGAGCGGTTTCTCAGCCGCTGCCAAGCTGGTCTCGGAGAAGCTGGCCTCCTACCAGGCTGCGCGCAAAGACAGCACCAGCCTGAGCCCCGCCCGCGGGCACAGCGTCTGCTCCACCTCCAGCCTGTACCTGCAGGACCTCACCGCCGCCGCGTCCGAGTGCATTGACCCCTCAGTGGTCTTTCCCTACCCGCTCAACGACAGCAGCTCGCCCAAATCCTGTACCTCGTCCGATTCCACGGCCTTCTCTCCTTCCTCGGACTCGCTGCTGTCCTCCGAGTCCTCCCCACGGGCCAGCCCTGAGCCCCTAGTGCTGCATGAGGAGACACCGCCCACCACCAGCAGCGACTCTGAAGAAGAGCAAGAAGATGAGGAAGAAATTGATGTGGTGTCTGTGGAGAAGAGGCAAACCCCTGCCAAGAGGTCGGAGTCGGGCTCATCTCCATCCCGAGGCCACAGCAAACCTCCGCACAGCCCACTGGTCCTCAAGAGGTGCCACGTCTCCACTCACCAGCACAACTACGCCGCACCCCCCTCCACAAGGAAGGACTATCCAGCTGCCAAGAGGGCCAAGTTGGACAGTGGCAGGGTCCTGAAGCAGATCAGCAACAACCGCAAGTGCTCCAGCCCCAGGTCCTCAGACACGGAGGAAAACGACAAGAGGCGGACACACAACGTCTTGGAACGTCAGAGGAGGAACGAGCTGAAGCGCAGCTTTTTTGCCCTGCGTGACCAGATCCCTGAATTGGAAAACAACGAAAAGGCCCCCAAGGTAGTGATCCTCAAAAAAGCCACCGCCTACATCCTGTCCATTCAAGCAGACGAGCACAAGCTCACCTCTGAAAAGGACTTATTGAGGAAACGACGAGAACAGTTGAAACACAAACTCGAACAGCTTCGAAACTCTGGT
NODE_469_length_1359_cov_6.875195	NP_057933.2	1359	1737	97.3	0.0	99.8	NP_057933.2 Pr180 	Moloney murine leukemia virus	ssRNA-RT	GCTGGTCTGGGCCCCAATTAAACAGAGTCCCCGTTTTGGTAAGAGGATACAAGGGGGCCGCCATTTCCGCAAACCCAGGGATCCAGAGGCGGCAGAAGCCTGCCGTCCCTAGGAACTCCCTTAGTTGTCGAGGAGTCTTTGGAACGGGTTGCCCCATCACAGTCTCTTTTCTAGCCTCAGTCAGCCATCTCTGACCCTCCCTCAGAAGGTACCCCAGGTATTTAACCTGTTTCTGGCAGATTTGGGCTTTCTTGGCCGAGGCCCGGTATCCGAGGTCCCCTAGGGTTTGTAGAAGGGCCCGAGTACCTTGTTGGCAGTCTAGTTCGGAAGTAGCGGCCAGCAGTAAGTCATCCACGTACTGTAGCAGGATCAAGTCTGGGTGCTGGATCCGGAAGTCTGCTAGGTCTCTGTGCAATGCCTCATCAAACAGGGTGGGACTGTTTTTGAAACCCTGTGGGAGTCTGGTCCAGGTCAATTGTCCAGAGATTCCCATTTCTGGATCTCTCCACTCAAAGGCAAAGAGAGGCTGACTGGTGGGGTGGAGTCTCAGGCAGAAAAAGGCATCTTTTAAATCAAGCACAGTGTACCACTGGTGGGACGGAGGGAGTCCACTTAAGAGGTTGTAAGGATTGGGCACGGTGGGGTGGATATCTTCCACCCGCTTGTTGACTTCTCTCAGATCCTGGACAGGCCTGTAATCATTAGTCCCTGGTTTCTTAACGGGCAGCAGGGGTGTGTTCCAGGGGGACTGGCAAGGTACCAATATTCCCTGGTCCAACAGTCTCTGTATGTGGGGCTTGATCCCCAGTCTGGCTTCGTGTGACATGGGGTACTGTTTGATGGACACAGGGGTGGAGGTTGCCTTTAGAGGTATAATCAGAGGCGCTTGGCGAACTGCCAGTCCCATGCCCCCGGTTTCTGCCCAGGCCTGGGGAAAGTCAGAAAGCCAGGTGGACCCTAGAGAAACATCCGGCTCTGTTGAGGTCTCATGTAGCCGATACTCATCCTCTATGCCAAGGGTCAACACCTGCAGGGGCTGTCCTTTTGGTCCCACAACCTGAGCTCCCGATCCCTCGAAGTGGATCTGGGCCTTTAACTTAGTCAACAAGTCCCTTCCTAGCAAAGGATAAGGGCAGTCCGGCACATGGAGGAAAGAGTGAGTGACCTTACCGGTAGCCAGGTGCACCTTGCGATCTGTGGTCCAGTGATACCGCTTTCCTCCAGTAGCCCCTTGGACCCAGGCAGACCTGTCACTTAGGGGTCCAGGGTTCTGGGTCAGCACGGAGTGTTGGGCCCCAGTATCTACCAGGAAGGTGACTGGTTGCCCCCCGACTGTGAGGGTTATCCTGGGTTCAGGGG
NODE_520_length_1317_cov_0.558065	NP_955579.1	1317	669	47.8	6.460000000000001e-59	51.5	NP_955579.1 reverse transcriptase 	Feline leukemia virus	ssRNA-RT	AAAGGCTACAGCCTTAGTCATGGCCCTCAGACAAACAGACCTTGGTGGTTCAGAGAGGACAGAAAATGGAGCAGGCCAATCACTCAGCAGGGCTTGTTATCAGTGTGGTTTACAAGGACACTTTAAAAAAGATTGTCCAGTGAGAAACAAGCTGCTCCCTCGCCCATGTCCACTATGCTGAGGCAATCACTGGAAGGTGCACTGCCCCAGAGGACAAAGGTTCTCTGGGTCAGAAGCCCCCCACCAGATGATCCAACAACAGGACTGAGGGTGCCCGGGGCAAGCGCCAGCTCATGTCATCACCCTCACTGAACCCTGGGTAAGTTTAACCACTGAGATTCAGGAAATTGACTTCCTCCTGGACAGTGGTGTGGCTTTCTCAGTGTTAATCTTCTGCCCTGGACAGCTGACCTCAAGGTCCATTACCATCCGAGGAATCCTAGGACAGCCTGTAACCAGGTATTTCTCCCACCTCCTCAGTTGTAATTGGGAGACTTTGCTCTTTTCACATGCCTTTCTTGTTATGCCTGAAAGTCCCACGCCCTTATTAGGAAGGGATATATTAGCCAAAGCTGGAGCTATCATCTACATGAATATGGGGAACAAGTTACCCATTTGTTGCCCCCCGCTTGAGGAGGGAATCACCCTGAAGTCTGGGCATTGGAAGGACAATTTGGAAGGGCAAAAAATGCCTGCCCAGTCCAAATCAAGCTAGAAGATCCCACCACTTTTCCTAATCAAAGGCAATATCCCTTAAAGCCTGAAGCTCATAAAGGATTACAGGGTATTGTTAGACATTTAAAAGCTCAAGGCTTAGTAAGAAAATGAAGCAGTCCCTGCAACACCCGAATTCTAGGAGTACAAAAACCAAATGGTCAGTGGAGACTAGTGCAAGATCTTAGACTCATCAATGAGGCAGTAATTCATCTATATCCAGTTGTACCCAAACCCTATACCCTGCTCTCTCAAATACCAGAGGAAGCAGAATGGTTCACTGTTCTGGACCTCAAGGATGCCTTCTTCTGTATTCCCCTGCACTCTGACTCCCAGTTTCTCTTTGCCTTTGAGGATCCCACAGACCACATGTCCCAACTTATGTGGACTGTCTTGCCCCAAAGGTTTAGGGATAGCCCTCATCTGTTTGGTCAGGCACTGGCCCAAGATCTAGGCCACTTCTCAATTCCAGGCACTCTGGTCCTTCAATATGTGGATGATTTACTTCTGGCTACCAGTTCAGAAGCCTCGTGCCAGCAGGCTACTCTAGATTTCTTGAACTTTCTAGCCAATCAAGGTTACAAGGCGTCTAGGTCGAAGGCC
NODE_733_length_1147_cov_9.017757	YP_010802169.1	1147	99	39.8	2.41e-17	21.7	YP_010802169.1 initiation factor eIF1/SUI 	Acanthamoeba castellanii medusavirus	unknown	GGGGAAAGAAAACCAAAAGACCAGCTTGTTCCTTCACATGGCACTGGCTCGTACTGAGTTGAAGCCTCTACAGCTAGCCACACAGCCAATGGCACCAGCTTGGCATTTGTTCCGGGCTGGCCTCACCCTTCATGTCGCAACACCTCCCGGCTAGGATAGATCTGCTTCAAAAGACCACCCTGGTGGTGAACTAAATGTCCATGACTTCTCTGGAAAGGTAGCCCTTTCTGAATTCTACCTGGTCAGATACCAGGGCCAGAGACTCCCTCTAGTGACATAGCTGGGGCAGTGTTACCCATTCTGTTCAAGTGGTGACACTCTCCTAGGGCAGGGGACTCTGTCCAGGGAGCCCCAAGGAGCCTCTGGTCAGACATAGCCTCCTGTGATCTTGGGGTTCTTGGCTTGGCTGAAACCTTGTCATTGCTTTGTTCCAGGGTGGACACTGCCAGGGCTTACTGCTCAACCTGTTTAAATGAGGGACTTCAAGACTACACAGCATGGCTCTTTTCAGTTTATTGCATGAAGGAGTTACACTAGTCCAAGTTAAAAGCGGACCCCAAATGATTACATTATACAAGCTGTGAGGTTTTTAAACTTGTGACAAGGGACAGAAGGGAAATTCTACTCATTGCAAGGAAATCCTCACTTAAGCTTCAGAGAGCCACAAGCACTTAAAACCCATGAACCTTCAGCTGATCGTCCTTAGCCAGCCCAATCTCTATCAGGAACTGGCATATGTTCTTGCGCTGGTCACCCTGTAGCTGAATTACTTCTCCATATTCTGGATGCTCAATTACAGTACCATTGCAGGCAAATTTCTTCTTAAACGCCTTCACTAGTTTCTTTTTATCGTAATCATCAGCGATCCCTTGGACAGTGGTAAGGGTCTTCCTGCCGTTTCTCTGTTGAATTCTTATATGGATATAATCCTCAGTGCCAGCAGGAAGCAGGTCATCACCCTTACTTGCATCAGCAAAGGGGTCGAAAGAGTGGAGGTTCTGGATAGCGGACATACGATACGATTCCTTTTCCTCGGTGGAAACGGCCTGCGGAAGGCGGCTGCGGGAGAAGGCGGGCGGGGGGGACGGAGCGTCGGGAAGCGAGGGGGCTCGAGGGGGAGGCAGCTGAGTCCTCGGCGGCGGCTCAG
NODE_878_length_1063_cov_4.987830	YP_009507788.1	1063	241	55.2	1.89e-57	49.1	YP_009507788.1 protein p30 	Harvey murine sarcoma virus	ssRNA-RT	TGGCGCCGGGAGCAGCGACCCGAAGGGAACGCGCGGCGACGGCGAGGGCGACGGCGGCGACCCGGTGACAGCGCGAGAGGTACTAAGTGTGACAGTGTGCACCATGCGTGAATATAAGCTCGTCGTGCTTGGATCAGGAGGCGTTGGGAAGTCAGCCCTGACTGTACAGTTTGTTCAAGGAATTTTTGTTGAAAAATATGATCCTACGATAGAAGATTCTTATAGAAAGCAAGTTGAAGTAGATGCACAGCAGTGTATGCTTGAAATCTTGGACACTGCAGGAACGGAGCAATTCACAGCCATGAGGGACCTGTACATGAAGAACGGACAAGGCTTCGCTCTGGTTTACTCCATCACAGCACAGTCGACATTTAACGACTTACAAGATCTAAGAGAGCAGATTCTGCGGGTTAAAGACACTGATGATGTTCCAATGATTCTGGTTGGCAATAAATGCGACTTGGAAGATGAAAGAGTTGTAGGAAAGGAACAAGGTCAGAACCTAGCAAGACAGTGGAACAACTGTGCATTCTTAGAATCCTCTGCAAAGTCCAAAATAAATGTTAATGAGATCTTTTATGACCTAGTGCGGCAAATTAACAGAAAAACTCCAGTGCCTGGGAAGGCCCGCAAAAAGTCATCGTGTCAGCTGCTTTAATGTACTGAATGCATTGTAGCTCTGAGCCAGGTCTGAAGAACTGTTGCCCAATTCAGCAGTGCCAGCATTCCAACTTTGTTAAACCTACCAACATCTTAAACGGACTTTCCTGTGGTGGTACCCTGAGAGGCGGATGAAAGCTACTCTGTCAGTTTGCACATTCTAATCACTTTCCAGTATCACGAGAGATTTTTACTTATATAATAGTTCTAGAGTATGCAGCTGGTAAAACCAGAGGCTACATCCAGTATTACTGCTAAGAGACATTCTTCATCCACCAATGTTGTACATGTATGAAAATGGTGTACTGTATACTTTAACACACCCCATACTTTGTATTGGAGAGTACAATAATGTAAATCCTAAAAGCACCACTATTTTAGCATAATAAAAGAAAGTCCAAAG
NODE_884_length_1059_cov_13.742363	YP_010802132.1	1059	173	46.6	4.27e-37	40.5	YP_010802132.1 GTP binding nuclear protein Ran 	Acanthamoeba castellanii medusavirus	unknown	TGCGTCTCCGGCATTTGAATCGCGCTTCCGCCATCTTTCCAGCTCCAGTCGGACAGGCGCGGAGACTCTTCTGGAAGGATCCGCCGCGATGGCCGCCCAGGGAGAGCCGCAGGTCCAGTTCAAGCTCGTCCTGGTGGGCGACGGCGGCACCGGGAAGACAACCTTCGTGAAGCGCCACTTGACGGGCGAGTTTGAGAAGAAGTATGTAGCCACCCTGGGCGTGGAGGTGCACCCGCTCGTCTTCCATACCAACAGAGGACCCATCAAGTTCAACGTGTGGGACACGGCCGGCCAGGAGAAGTTCGGGGGCCTGCGCGATGGCTACTACATCCAAGCCCAGTGTGCCATTATAATGTTTGATGTAACCTCAAGAGTTACTTACAAGAATGTACCTAACTGGCATAGAGATCTGGTACGAGTGTGTGAAAACATCCCCATTGTATTGTGTGGCAACAAAGTGGATATTAAAGACAGGAAAGTGAAGGCAAAATCTATTGTCTTCCACCGGAAGAAGAATCTTCAGTACTATGACATTTCTGCCAAAAGTAACTACAACTTTGAAAAGCCTTTCCTCTGGCTTGCCAGAAAGCTCATTGGAGATCCTAACTTGGAGTTTGTTGCCATGCCTGCTCTTGCCCCACCTGAGGTGGTCATGGACCCAGCTTTGGCAGCACAGTACGAGCATGATTTAGAGGTTGCTCAGACGACTGCTCTCCCAGATGAGGATGATGACCTGTGAGAAAGTGAAGCTGGAGCCCTGCGTCAGAAGTCTAGTTTTATAGGCAACTGTCCTGTGATGTCAGCGGTGCAGCGCGTGTGCCACCTTATTTAGCTAAGCAGATCGTGTACTTCATTGGGATGCTGAAGGAGATGAATGGGCTTCGAGTGAATGTGGCAGTTAAACATACCTTCATTTTTTGGACTTGCATATTTAGCTGTTTGGAACAGAGTTGTTTCCTTTCTGAATTTCAAAGATAAGACTGCTGCAGTCCCATCGCAATATCCAGTGGGGAAATCTTGTTTGTTACTGTCATTCCCATTCTTTTCGTTTAGAATCAG
NODE_927_length_1039_cov_0.649688	NP_955585.1	1039	263	27.8	6.26e-12	60.6	NP_955585.1 p30 CA 	Moloney murine leukemia virus	ssRNA-RT	CCAAAATCTGCTTGCCTGAGGGTCATGACTAAAGCGGTGCCCTTTTTTTAAAAATCTCGTTTGTCCCATTCTGCCTGCTCCTCCTGATCTCTATTATAAAAAACCGAGGTTGCCAAGTTCAATAGGGTTTCTAAGTTTTGCTCCGGGCCTAAAGCAGACTTTTGAAGTTTTTTTTCTGGTGTCTGCAGCTGGCTGAGTGATAAACTTATCTTTTAAGATTAGTTGGCCTTCAATAGATCCAGATGACAGAGAGGTATGCTTCCTCAATGCCTCCCTTAGTCTCTCCAGAAAGGCAGTAGGATTTTCTTCCTTTCCCTGAGTTATGGTGGACATCATTGACTAATTCATGGGCTTTTTCATAATTCTCCTTAGTCCTTCTAGAACAAAAGTCAACATATGTTTATGACTCTAGTCCCCATGATCCGAGTCTAGGTCCCAGTGGGGATTCATACTGCAGATGGCTTGCTGACTTGTAGGGAATTTGTCCCTTTCTACGGCTGTCATTCTATCATTTACTTGACTAAGATACCAGGTATCTCCAAACTCTCGGGCTGCAGCTAAAGCCGCATTCTTTTCATTAAAGGCCAGGGTTTGATCTAACAGTAGCATGACATCCCTCCAAGCGAGGTCAAAGGTTTGCCCTAGACCCTGTAGGACATCTATGTACCTATCAGGATCATCTGAAAACTTCCCCAGGTCTGCCTTGATCTGCTTTAAATCAGAGCAGGAGAAGGGGACATGTATCCGGGTTGGGCCAAATTCCCCTCCCCCTACAGCTTGAAGGGGACATAACCGATAGCCCGGGGTTTTTTATGGTCCTTTGGAGATTTCTTTGCTTACTTCCTTCTGGGCAGGGGAGATTAGAGGAGGCTTATCATTAATAGGAAGGGGAGCTATAGGGAGGCTAGGCTATGGGGGTAAGCTGAGAGGTCCTCCTGTGGGATGTAAATTGTAAGCTTTGCATAGTTGTGGATTCTCCCTCAATGAAAAGAAAGCTTGGACTTAAGGTATTTCATTCCATTTGCCTTCCCCTTTACAG
NODE_977_length_1020_cov_3.439024	YP_009513212.1	1020	659	46.8	1.81e-96	97.6	YP_009513212.1 envelope protein 	Koala retrovirus	ssRNA-RT	GTAGAAAAACATTCGAGAGACCCATGGGGTGGTTGCTCTAACCAAAGGGATAGAAGCATGCTTCGAATCCACCCCTTCTATGTCTGCCCCGGGCCCCACCGAAGTCAGTCCCTCAATCCAACGTGTGGAGGTAAGGCTGACTTCTTTTGTAAGAGCTGGGGTTGCGAGACTTCAGGTACAGCCCGCTGGAAGCCCTCCTCGAGCTGGGACTATATTAGAGTAACAGCCAACTATTCCCTAGCGTCTTATGTACCTGGAGGATTTGACCTAGACGAGTGTACTGACTGGTGCCATCCGCTCCGTGTCACCTTCACTGAACCAGGGAAGAGAGCTCTGGGATGGACAAAAGGGTATACCTGGGGTCTTAGGATTTACAAGGAAAGATATGATGAGGGATTATTGTTCACTATCAGATTAAAAATAGAGACCCCCTACAATCCTTTAGGCCCCCCAACCAAGTTCACACCCCTCACCCATACAATTACTCAGCCTACTCCAGTGATTGCGGACCCCCTTAATATGGCCGCTATCACCCAACCTCCCACTCCTCAGGTACCTCTAACTATTACCCCCGCGATTCCTTCAAGACAGAGGATGTTTAACCTAGTGAGAGGAGCCTTTTATGCCCTTAACAGAACTGATTCAAGCGCTACTGAGGACTGCTGGCTATGCCTGTCCTTGGGTCCGCCTTATTATGAAGGAATCGCCTTCAATGGAGATTTCAACAGAACCAGCAGCCATACTTCCTGCTCTTGGGGTACAGGACAAAAACTGACCCTGACTGAAGTATCCGCGAGGAATCCAGGTCTCTGTATAGGTACCCCACCTTCCACTCACAAACACCTATGCGGACAAATTCAGTCCGTGTCCAGAACGGAAGCTAATTACTATCTTGTACCTTCCCCGGTTGGATGGTGGGCTTGCAATACAAGACTTACTCCCTGTGTATCAACTAAGGTTTTTAATTCATCTCATGATTTTTGTGTCATGATCCAGCTGTTACCCCGCGTATATTATCAC
NODE_1026_length_1002_cov_32.114595	YP_009165152.1	1002	510	41.3	7.66e-17	31.1	YP_009165152.1 Cytochrome P450 	Mollivirus sibericum	unknown	GAGAAAATACAGAAGGCGTGGGGCTGGAGGGGGGGGGGAATAGGGTAAAATATATTTTTAGAACTTGAAAAAGCACTATGGTTATAGAGCACAGGCTAATATTCTATGATTAGTCCTCCCATTGGGGCTCTGTGGGGAATACCCTTTCTTCGCTTGTCTTTGTTATAGCACTATTTTGATTACCATATACCTTAGGATCTAGCTTGCTTGTTGGAGGAAATTCTTCAAGAAGACGAATAATAACAGGGTCTACTCCAGCAAGCATTTCTCTGGCGAATTCTTCATCAGTCCTCCATGCAGTCCTACTATTTTGAATCACTTGAGGCACAGGGAATTTCAGTAGTTGTTCCACCCCAAGTTGTGTACCGGGGCATATCCTCCTCCCTGCACCAAACGGAAGTAGCCGGAAATCATGACCCTTCATATCCACGTCCTCCTCCAGGAATCTCTCGGGCCGGAACTCTTCAGGGTCCTTCCACACAGCCGGATCACGGGCGACGGCCCAGACGTTAACGTGCACATTTGATCCCTTGGGGATGTCGTAGCCACCAATTTTAACATTGGCATTGGCACGGTGGGGCAGCATTAGGGGAGTTGGAGGGTGCAATCTTAGTGCCTCCTTGGCTACGCTTTGCAGGTAAGGCAGGCTTGAGAAATCAGTTTCAGACATCACCCGAAGTGCTCCAGGATCTGCTCCTAGGAAGACTAGAATGGCAACTGTTTGCTCTCTGCCACAGAAAGCAGCCCAGTGAAGTGCAGTCCATCCATTCACATCACGAAAATTTATACTAACTCCAGCAGTAACAGTAGGTTTTAGTGCCCAATCATAACCAAGTGCAGCTGCTAAGTGTAGTACACCTTGCCCCTTCTCATCTAATATGTTTGGCTTCCCCTTAACACCACGCTTCGTTTTCTCTACCTTCCTACGCTCCCTTACCAATATCTCAGTCAACAGTAGCCCGTCCTCTTCTTCCGATCCACCGCTCAACTCCTCCTCTCTCC
NODE_1073_length_984_cov_1.025358	YP_001165470.1	984	294	61.8	0.000109	10.4	YP_001165470.1 hypothetical protein WMSV_gp2, partial 	Woolly monkey sarcoma virus	ssRNA-RT	TGCACCACCCCTAGAATTTCTGGTAATCCAGCACCAGCCTGACGATCACGTTCTCATCAAAGGGTGGAAAGAAGGAAAACTCGAGCCAGCCTGGGAAGGACCCTACCTTGTGCTGCTAACTACCGAGACTGCTGTTCATACAGTGAAAAGGGGATGGACTCATCACACCTGAGTCAAGAAAGTGCCACTGTCTCCAGAGTTGTAGGCCATAGTCCCAGGGGAAAACCCTACCAAATTAAAGCTAAGAAAAATTTAACTCTTTCATCTATTCTATTACTCTTTCTTCTTTCCTAGTTCTATTGCTGACCATCTAGTTATTAACATAACCAAGTCAATTTCGCCTCAAACTATTGCATTTAATGCTTGCCTTGTTATACCCTGTGGGGACTTGCCAAGTCAAAGACAGCTCTCTACTTCAGAAAAGTACTTCTGTCCCTCCTGACTCTCCTCAGACTGGGCATTAGGAAATGAGGACCATTTAATCCAGGGAGAGTTCAATAAAGACCTCGATATCAACCAGGAGTCTTGCCCCCAGATGTAGAGTTTTTATGCCGTAGTTGGTCCAACGTTCTGTGGACCACTAAAGAGCAAGAATGGACTGCCCCAACCAGTTTTTGTAATTTCCTAAAACCATACATTCGTTTTACTAGAGGATCATAGAAGTTAAAGACTTAAAACAAACTTTAGCAATTAAGACAGGATACCAAGATGCAAATGCCTGGTTAAAATGGATCAAATATTCCATCTGCATGTTAAACAAAAGCAATTGTTATGCTTGTGCACATGGCAGGCCAGAGGCCCTGATTGTCCCCTTTCCACTAAGGTGGTCCTCCAGTCGACCAGGCGTGGGCTGCATGGTAGCTCTTTTCCAGGATTCTACAGCCTGGAGTAATAAGTTGTGCCAAGCTCTCTCTGCTATATCCCAAAGTTCGGCACCCTGTGGGTCAGCCCCCGAGGGCCATCCAGCCTCCGTTTACCAACACT
NODE_1111_length_970_cov_2.520717	YP_010802000.1	970	300	45.1	1.36e-58	71.1	YP_010802000.1 ribonuclease HII 	Acanthamoeba castellanii medusavirus	unknown	GTGTGTCTCAAGGAGCCGTGCGTTCTGGGCGTGGATGAAGCGGGCCGAGGCCCTGTGCTTGGTCCCATGGTCTACGCCATCTGTTACTGCCCCCTGTCTCGCTTGGCAGATCTGGAGGCCCTGAAAGTGGCAGACTCTAAGACCTTGACAGAGAACGAGCGGGAGAGGCTCTTTGCGAAAATGGAGGAGGATGGAGACTTTGTGGGTTGGGCTTTGGACGTCCTGTCTCCAAACCTGATCTCTACCAGCATGCTTGGGCGAGTCAAGTACAACCTCAACTCCCTGTCACACGATACAGCTGCGGGGCTGATACAGTACGCACTGGACCAGAATGTGAATGTCACTCAGGTATTTGTGGACACTGTAGGAATGCCAGAGACATACCAGGCTCGATTACAACAGCACTTTCCCGGGATAGAGGTGACAGTCAAGGCCAAAGCTGACTCCCTGTTCCCTGTGGTCAGTGCTGCCAGCATCTTTGCCAAGGTGGCCCGAGACAAGGCTGTGAAGAACTGGCAGTTTGTGGAAAATTTACAGGATCTGGACTCCGATTATGGCTCAGGCTATCCCAATGATCCCAAGACCAAAGCCTGGCTGAGGAAACATGTGGACCCTGTGTTTGGCTTTCCCCAGTTTGTACGGTTCAGTTGGAGCACAGCCCAGGCCATCCTGGAGAAGGAGGCAGAAGATGTCATTTGGGAGGACTCAGAAGCTGAGGAGGATCCTGAAAGACCGGGAAAAATCACCTCCTACTTCAGCCAGGGCCCGCAGACCTGCCGCCCTCAGGCCCCCCACAGATACTTCCAGGAGCGAGGCCTGGAGGCAGCCAGCAGCCTCTAGGAGCCCACGTGTGCACCACCTGCCCTTCTAACCCAGGAATAAAAGCTGTTCAAGAAGTGGACCGAGTGCTTTGTGGCTAAGGTCTGGTAGCAGTGCCTGTGGCCAGCAGCTGATTCATCAAACAAAATAG
NODE_1178_length_941_cov_1.850694	NP_054716.1	941	1153	35.0	8.76e-16	49.1	NP_054716.1 Pol 	Equine foamy virus	ssRNA-RT	GTTCTGAGTTGACACTGATCCCAGGGGATCCCAAGAAACATTGTGGCCCTCCAGTTAAAGTAGGGGCTTATGGAGGGCAGGTGATTAATGGAGTTTTGACTGATGTCCGACTCACAGTAGGTCCAGTAGGTCCCCGGACACATCCTGTGGTGATTTCCCCAGTTCCAGAATGTATAATTGGGATAGATATACTCAGAAATTGGCAGAATTCTCATATTGGTTCCCTGAACTGTAAAGTGAGGGCTATTATGGTTGGAAAGGCCAAATGGAAGCCTTTAGAGTTGCCTCTGCCAAAGAAAATAGTGAATCAAAAACAGTATCGTATTCCTGGAGGCATTGCAGAAATTACTGCCACTATCAAGGACTTGAAAGATGCAGGGGTGGTGGTTCCCACCACATCTCCGTTTAACTCTCCTATCTGGCCAGTGCAGAAAACAGATGGATCATGGAGAATGACAGTTGATTATCGAAAACTAAATCAGGTGGTAACTCCAATTGCAGCTGCTGTACCAGATGTAGTTTCCTTACTTGAGCAAATTAACACATCTCCTGGTACCTGGTATGCAGCCACTGACTTGGCAAATGCCTTTTTCTCCATTCCTGTCCATAAGGCCCACCAGAAGCAATTTTTCTTCAGTGGCAAGGCCAGCAATATACCTTTACTGTCCCACCTCAGAGGTATATCTCTCCAGCTTTATATCATAATCTTACCCAGAGAGAACTTGATTGCTTTTTGTTTCCAAAAGATATCACACTGGTCCATTACATTGATGACATTATGCTGATTGAATCTAGTGTGCGAGAAGTAGCAGCTGCTCTAGACTTATTGGTAAGGCATTTTTGTTTCAGAGGATGGGAAATAAATCGGAAAATAATTTAGGGGCCCTGTACCTCAGTGATACTACATGAAGAGGTGGTTAAAATATCCACAATCTCCATTC
NODE_1243_length_922_cov_0.852071	NP_955580.1	922	416	32.2	1.56e-14	52.7	NP_955580.1 endonuclease/integrase 	Feline leukemia virus	ssRNA-RT	TCCATCATGGAAATCTATCCTCAAGGAAATAACTTCTCAGTGTTCCATTTGCTATTCTACTACTTCTCAGGGATTATTCAGGCCCCCTCCCTTCCCTACACATCAAGCTCAAGGATTTGCCCCCACCCAGGACTGGCAAATTAGCTTTACTCAACATGCCCCGAGTCAGGAAACCAAAATACCTCTTAGTCTAGGCAGACACTTTCACTGGATAGGTACAGGCCTTTTCTACAAGGTCTGAGAAGGCCACCGCAGTCATTTCTTCCCTTCTGTCAGACATAATTCCTCAGTTTAGCCTTCCCACCTCAATACAGTCTGACAACAGATGAGCCTTTATTAGTCAAATCAGCCAAGCAGTTTTTCAGGCTCTTAGTATTCAGTGAAACCTTTATATCCTTTATGGTCCTCCGTCTTCAGGAAAAGTAGAATGGACTAAAGGTCTTTTAAAAACACACCTCACCAAGCTCAGCCACCAACTTAAAAAGGACTGGACAATACTTTTACCACTTTCCCTTCTCAGAATTCAGGCCTGTCCTCGGAATGCTACAGGGTACAGCCCATTTAAGCTCCTGTATAGACGCTCCTTTTTATTAGGCCCCAGTCTCATTCCAGACACCTGCTCTCTAGGTGATTATCTTCCAGTCCTCCATCAAGCTAGACAGGAAATTTTCCGAGCTGCTAATCTTCTTTTGCCTACCCCAGATTTCCAGCCATATGAAGACACTCTAGTTTGACAGTCAGTTCTTGCTAAGAATCTGACCCCTCAGACTCTACAACCTCAGTGGACCGGATCCCACTTAGTCATCTATAGTACCCCGACTGCCGTCCGCCTGCAGGATCCTCCCCACTGGGTTCACCATTCCAGAATAAAGCTGCATCCGTTTGACAGCCAGCTTAGGCAGCCTAATCTCTCCTCTTCCTC
NODE_1320_length_903_cov_1.331719	YP_009109695.1	903	392	47.0	2.2899999999999998e-23	38.5	YP_009109695.1 endonuclease 	Baboon endogenous virus strain M7	ssRNA-RT	TTCAAGAACAAATTAGAATTCAAACTCAAATAGCAATAGAAGAAGCAAATTTAATTATTTTTTTAGTAGATGGTAGAGTTGAAATAGATTCAGATGATCATTTTGTTATAGATTTGCTTCGAAAATCAAGCAAAAAAGTTTTAATCGCAGCTAATAAACTAGAAGGAAACAAATTTTTTGATACTTCAATTTATTCACTAGGTTTTGAACATATTTTTCCAATTTCAGCTATTCATGGAGAAGGAGTTGGTGAGGTGTGTTTTTAAAAGACCATTAGTTCTTTCTACCTTTCCCAAAGATGAAGGATGGTAAGGGGGTATGAAGTTTCCACTGGATGCTGAGAGCCTGGGAGACTGCTTACGTGACCTGACTAATGAAGGCCGGTCCATTATCAGACTGTATAGAGGTGGGAAGGCCAAGCCTAGGAATTATGTCTGAAAGAAGGGAAGAAATGACTATGGTGGCCTTCTCAGACCCTGTGGGAAAGTCCTCTACCCATCCAATGAAAGTGTCTACCCAGACCAAGAGGTATTTTAGTTTCCTGACTCGGGGCATGTGAGTAAAGTCAATTTGCCAGTCCTGGGCAGGGGCAAATCCCCGAGCTTGATGTGTAGGGAAGGGAGGAGGCCTGAACAATCCCTGAGGGGCAGTAGAATAGCAGATGGAACACTGAGAAGTTATTTCCTTGAGGATAGATTTCCATGATGGAAAGGAAATGAGAGGTTCTAAGAGGCGGGCTAGTGGCTTGTACTATAGCATAGCCTGCCTTTGCTGGTGTGTGGCGATTAGGCCTGGTGGAACTGCCATCAATAAACCAAGTGTGATCAGGGCGAGGAACAGGAAAGAAGGAAATATGGGGAAATGGGGTGAATGTCAGGTGGGTCAGAGAGATACAGTCATGGG
NODE_1514_length_857_cov_1.855128	YP_003864102.1	857	870	54.2	9.92e-46	49.7	YP_003864102.1 pol protein, partial 	Simian retrovirus 4	ssRNA-RT	CTACTTATTGGCTTATAGATTGATCCTAAAACAGCTACCTTATTAGAAAAGGGAAAAACAGGTTTTCTCCACAAAACGCTTCAAAAACATATTAATTCGTGTGACGAGCTGGTAGGTAAGTTGACTCATGTCCTGATTGTATTGACTAAAAAACTAAATTAAATTCATGTTTTAGATCCATCCTTGCTTGCCATTTTTCCAGTTTAGACTAGCTTCAAGCCTTCTAACTTTATGGCAATAGTACATCAGAGACTGTATATTCAGACTTAGTAAAATTAGTCATTTAATAGAGTCATAATGATTTTTCTCCTTTCTTCAGTGTGACCAGCCATTCTAACTCAATCTCAGACTGGTCTAATATTCAGTCCAATGTTAGAGATTCCTATATTCTAAATTACCTAGCAAGTTAATTCAGAGCACATCCTCCACTTCCCCTAGATCCCTAACCTCAGAAGGATTACTGGCCTTACAGCTAGTGGAAAAGGCTATTAAAGAACAGTTCGTCACTTACATAGATTACTCCCTGCCGCTGCACCTGTTAATTTTTAATACGACTCATGTGCCTACGGGATTGCTATGGCAAAAATTTCCTATAATGTGGATACATTCGAGGATTCCTCCCAAACGTAATATCTTGCCATATCACGAAGCAGTGGCTCAGATGATTATCACTGGAAGAAGGCAGGCATTGGCTTATTTTGGAAAGGAGCCAGATATCATTGTCCAGCCTTACAGCGTGAGTCAGGACACTTGGCTGAAACAGCATAGTACAGATTGGTTGCTTGCGCAATTAGGGTTTGAAGGAACTCTAGATAGCCACTACCCCCAAGATAGGTTGATAAAATTCTTAAATGTGC
NODE_1614_length_832_cov_19.484768	YP_010802164.1	832	223	59.5	0.000179	13.3	YP_010802164.1 UBA-like domain-containing protein 	Acanthamoeba castellanii medusavirus	unknown	CCAACAAGAAGCCACAACTTTATTAGTGATAGAAACAGTACAAATTTTAAACCAAGCTGTAGTTCCACTTTTCAAACACCAAAAAGGGGGGAAAGGGGGAGTTGTCTTCGCTGTCAAATAGTTACATTGTTAATTCCATAATAGCATTTACAATATCATTACTGTTGTTTTTCAGGGCTCGAACAGCCTTTGCTCTTGATACGTTTGCTTGCGACATGACCAGTTCTATGTCCTTAACTTCCACACCCGTCTCATCAACCTCCTCTTCTTCACTCTCCTCTTGGACGGTTGGAGTCTGAGTGTTTTCCTGAATGTTTGAAACAGCTTCACCTTGAACTTTGAATTTCTCAGCAGCTGCTAACTGTGCTTGCTGAGACAAATCTTCAATCTTGGCTTCCCCAAACACTATGTAGGTGTCTGAAGCTGGGCTCTTGTAGACATCGGGTTTTGTGATGACAAAGAGGATATTTTTAGATTTTCGGATAGTGACTCTCGTAACCCCTGTAACCTGTCGAAGACCCAGTTTGGACATAGCCTTCCTTGCCTTCTTCTCACTTCGACTCTGCTTGGCTTTACTAACAGGTTCTTCATCGATCTCTGCTGCGGCTGCCAGCTGGGCTTGCTGCGTGGCCGTCTGTGTGGAGTCTTGTTCCTCGAGCTCTGGTACTGACTCATCACTGTCAGACTCTGTTCCCGATCCTGTCTCAGCCTGAGGCTGTGGCAACTCCTGCTCTGTAGCAGGGACGGTTTCTGTGGCTTCACCGGGCATTTTGTGCGGAGATCACGGAACCAAGATGGCGGCAGAAAGAGAACGAGCGAGCCCGTGACCCAC
NODE_1697_length_818_cov_3.506073	NP_955595.1	818	746	46.5	2.29e-61	89.1	NP_955595.1 ABL 	Abelson murine leukemia virus	ssRNA-RT	TGGAAGGTCAGCTCAATCAGGATGACTCCATCCTCAAGGTCGCTGTGAAGACCATGAAAATTGCCATCTGCACAAGATCAGAGCTGGAGGATTTCCTGAGTGAAGCTGTCTGCATGAAGGAATTTGACCACCCCAACGTCATGAGGCTCATTGGCGTCTGTTTTCAGGGCTCTGACAGAGAGGGTTTCCCAGAACCTGTGGTCATCTTGCCTTTCATGAAACACGGAGACCTACACAGTTTCCTCCTGTACTCCCGGCTCGGGGACCAGCCAGTGTTCCTGCCCACTCAGATGCTAGTGAAGTTCATGGCCGACATTGCCAGTGGTATGGAGTACCTGAGTACCAAGAGATTCATACATCGGGACCTGGCTGCCAGGAACTGCATGCTGAATGAGAACATGTCCGTGTGTGTGGCAGACTTCGGGCTCTCCAAGAAGATCTACAACGGGGATTACTACCGCCAAGGGCGCATTGCCAAGATGCCAGTCAAGTGGATTGCTATTGAGAGTCTGGCAGATCGGGTCTACACCAGCAAGAGCGATGTGTGGTCCTTCGGTGTGACAATGTGGGAGATCGCCACCCGAGGCCAAACTCCCTATCCAGGGGTGGAGAACAGTGAGATTTACGACTACCTGCGTCAAGGAAATCGGCTGAAACAGCCTGTGGACTGTCTGGACGGCCTGTATGCCCTGATGTCTCGGTGCTGGGAACTGAACCCTCGAGACCGGCCAAGTTTTGCGGAGCTCCGGGAAGACTTGGAGAACACACTGAAGGCTCTGCCCCCTGCTCAGGAGCCAGATGAAATCCTCTATGTCAAC
NODE_1788_length_800_cov_2.734440	YP_009666309.1	800	165	45.5	1.11e-05	19.1	YP_009666309.1 env homologue 	Cladosporium fulvum T-1 virus	ssRNA-RT	CTTCATCTTCAGGACAAGAATGCCAAGTCAGCCGCTCCTCGTAGAAGGCAATGACAATCTGAGGACACTTCATGTTCGCCTCCTTTGCCAGCACCAAGTCGGCCTCGTCCGAGTCCTTCCACTTCATGAGAAACATTAACTCTCCGCTGCTGTCTGTGGCGCCGATTATTCGTTCAGGGTCGAGACCTCTGGCAAAGCCCCTTGGTTTGTCAGCAGCATCTCTCTTCTTCTTCGATTTGCTATCATCAGATTCACTGTCAGATAAAGATTTCCTTTTTGTACCATCTTTTTCTTTACCAGCTTTTTGAGAATTAAGAAATGCTTCAATTAATTCTGGACAATCTAAATTTTCTTCTGGTTCCCAAGTATTATCAGCATCTGTGAACCCCTTCCACTTCAGGAAATACTCCACCTTCCCATTCACTACACGACGGTCCAGTACTTTTTCTACCACAAATTCTTCAGGCTCTGCCTCTTCAACTTTTTTACTCTTTCCATTTTGTTTCTTTCCCATTTTTTGCAATGTAGTTTTATTGGAGGCCATTTTTTAAATTTAATCGGAGACTTGAAGAGTTCACCGCTCCGATGCTCAGGGCCGCGGATCCTGCAGAGTCTCCCGCCTGCGCGCTTCGGTTCAGCGACATCCGAGGGGAGGGGGCGCGGGCAGCTCCGCCGGGGGGGAGGGGGAGCACCGCCCACGCCCTGGCCGCGCGGGGCCCGCCGGGAACGCGTCCTGCGGGGGGCGGCGCGCGCAATGCTCACCGTCCGCGGCGTGGCGCCCAGGGGGTCTCCTGGCTGGG
NODE_1829_length_793_cov_18.684358	NP_598374.1	793	133	95.5	2.8400000000000005e-79	49.9	NP_598374.1 ubiquitin-like protein 	Murine osteosarcoma virus	ssRNA-RT	CACAAGAAGCTGCAAGACCACACATCAGCACACCCTGGGAGCACACAGTGAAGTAGACCTTGGCTGTAAACACAAAGCCTGCCCCCAATGGCATGCCTCCTCCAGCAACTCTGTATCTTAAAAGTTCATAACATCCCCCAACAACAGCGCCACCAGCTAGGGACCAAGTGTTCAGTTACTTGAGACCAAGGCACTTTGCTAGCCTCTAGTCACAGCCTTACAAATGAAGAAAACATAAGAAGTCTGGACACAGTGGCTTTATTAGCATGGCAGGGTGGCAATAGGACTTAGGAATTGGCATTGGGGCCCTTCTTCTTCCCAAAGGTGGGCACAACATTGACAAAGCGCCGGTTGTACTGCATTCGCCTCTTGGCCCGGCCTGTCTTCTTCTTCTTCTTTTCCTGTTTGGCCACCTTGGGAGTCTGACCTCTCACTTTTCCAGCCCGAGCCAGGGAACCGTGAACTTTACCTCCCAGCATGCGGCCTGCTACTTCCAGAGTGGTCAGGGCCTCTACGCCACACTGGCCTAGGGTGGCCTCATCCTCCAGCGGCGAGCCTGCCAGAAGCACGACTTGATCTTCGGGGGCAATGCCTTCCAGGGAGGCCACATGATCTTTGATCTGGGCGACCGTCTCCTGGCCGGTCACCTCGAGGGTGTGTAGTTCCTGGGCGCGGACAAAGAGCTGCATGTTGGCTACTAGCCCGCGGACGCCGCTGCTGCTACCGCGAAGATGGAGTCAAGAAAGAGGAAGAAGTGGGGGCGCGCACGTCCTCACCGCCTGCTGCGTGTGAC
NODE_1932_length_777_cov_2.177143	YP_010802132.1	777	173	40.9	1.66e-33	55.6	YP_010802132.1 GTP binding nuclear protein Ran 	Acanthamoeba castellanii medusavirus	unknown	GTCCCCACGGGGGCAGACATTCTTGGAAGATTTTTTTGTTTACTCAAAAGCGTCATCATCATCATCTGGGAGAGGCTGAGCAGCGGCGGCAATGAGATCAGCCTCGTTCTTCTGCTGCTCAGCAACGTCAATGTGAACCTCAGGGGGAGCAAGAGCTGGTGACTCGACAAAGTGAAGGTTCTGGTCCCCGGCAAGCTTCCTAGCGAGGTACAAGAAGGGCTTCTCGAAGTTGTAGTTACTCTTCGCGGAGATCTCATAGTACTGAAGATTCTTCTTCCTGTGGAACGTCACCTGCTTGGCCTTCACTTGCCTGTTCTTCACATCAACTTTGTTCCCGCAGAGTACAATCGGGATGTTTTCACAGACCCTGCAAAGATCACGGTGCCATGTTGGTACATTCTTGTATGTCAGACGTGCTGTGACATCAAACATGATGACGGCACACTGCCCATGGATGTAGTAACCATCCCTAAGACCACCAAACTTCTCTTGTCCAGCAGTATCCCAGCAGTAAAAGCGGATCTTGCCACAGTTAGTGAAGAAGTCTAGAGGGTGAACCTCAACACCAATAGTGGGTTCATACTTCTTCTCAAACTCTCCAGTAAGATGCCTCTTCACGAACGTAGTTTTCCCTGTGCCTCCATCACCAACGATGACGAGCTTGAAGCTAGGGTAATCGACGGTTTGCTGGTTTGGTACAGCCATCGATGATCAAACTGAAACGGCGGAGATCGAGATCGAGAAGCGAAGCGACTCGAAGAGTATACGAGGAACAAG
NODE_2087_length_753_cov_3.341716	YP_009666309.1	753	165	42.3	2.83e-06	27.9	YP_009666309.1 env homologue 	Cladosporium fulvum T-1 virus	ssRNA-RT	GGGCTTGTGAAGTCATTCAATCCTTGAATTGACTCAATGGAATTTGTGCTGTCAGTAACTGAACCTGCCACAAGCAGTTTCAGGGTTCAAAGCATTTCATCAGGAACATGAGCTCTCCACTGGAGTCAGTAGCTCCAATAATCCGCTCTGGCTCCAAACCCCGGGCAAAGCCTCGTGGCTTTTCTGACTCTTCTTTCTTCTTCTTTGGTTTGCTTTCCTCTCCTTTATCTTCAGAATCAGAATCAGCTTTGCGCTTGCCTCCCTCTGACTTATCTGTCTCATGAGCTGTTTTCTGTGACTGTAGAAACTCAGCAATAAGGTCAGGGCAATCCAGATTCTCTTCTGGCTCCCAAGTGTTGTCCTCATCTGAGAAACCCTTCCACTTTAGAAGATATTCCACCTTGCCCTTGACAACTCGCCGATCAAGAACTTTTTCCACCACATATTCCTCTTCCTCTTCTTCTAGTACCTCCTCCACTTTCTTCTTGTTTTGCTTTTTCCCCATAGTACCCGCCAGCTTTCTGGTGTGAAGGGTGACACTGCTCGTAGCAGCGCCCGAGAGTCCGAGAGGAATCGGTGCCGCGCTACTCGCGCGTTGCGTCGGGCGGTCCGAGGGGAGTAGCGCGCCCAGAGGAGCAAAGAGCCGTGTGGCCACAAGTCGACCGTCCCGCTGAAGCGGCGTACCGCAGGCCCCGCTAACGGCCCTCCCCTCAGCCGAACAAAAGAGCCTCTCACTCTGCGCGGCCCGCCGCC
NODE_2158_length_742_cov_3.878195	NP_056790.1	742	1165	38.7	4.81e-08	35.2	NP_056790.1 pol polyprotein, partial 	Gibbon ape leukemia virus	ssRNA-RT	ATTGTGGATTCCAGGTTTTGCTGAGTTAAAGAGATAAACAGCCCTTCGTATAGAGAAAAAGGAACAATCTTAGATGGCCTTGGATGCTCTTGAGACTGCCCTAATGTTATCCCCAGCTATGGGACTCCTAGATGTGACTGAGAACAAAGGTATTGCCAAAGAAGTTCTTACTCAGAGATTGGGACCCTGAAAAAGACCTGTGGCATACTTGTAAGAAATTAGACCTGGTGGCTGTAAGATGGCCTGCTTGTCTGCACATAGTGGCTTCTGGTCAAGGACGCAGATAAATTGACTCTGAGACAAAACTTGGCACATGTCCTAGAAAGTGTGGTTCAGCCCCCATGACCAATGGCTGACTAACGCTCTTGAAAGCATTATCCAACCGTCCCCCTGACCGATGGACACATTATCAGAGCTTTTTGTTGACTGAACGAGTGACCTTCGCTCCCCCTGCTATCCTCAATCTCACTACTGCCTGAGACTTCACCTACTCATCATTGTGCTGACATTCTGGCAGAAGGAACTCATACTCGAAATGATCTGAAGGATCAGATCAGCCTTGGCCTGAGAGTTCGAGCTGGTACACGGATGGCAGTAGCCTGAAGGTTAAAGGTAAGCGGAAGGCGGGGACAGCAGTGCAGTGATGGACAGAAAGCAAGTGATCTAGGCCAGCAGCCTCCCTAAAGGAACCTCAGCCCAGAAAGCTAAACTTGTGGCTTTAATACAAGCTCTATATATACAG
NODE_2204_length_737_cov_1.445455	YP_010802039.1	737	1710	27.1	1.1e-12	77.3	YP_010802039.1 Ser/Thr protein kinase 	Acanthamoeba castellanii medusavirus	unknown	AGCATTCACAAACTCTCTGCGTATTAAATAAATGAATTGGTAACTGTAGGAGAGATGGATATAGAGATGCATACAGTCCAGAAGACGGCAGAAAGGGAATCAGTGAAGGAGACACGAGCAAGTCCCAAATCACAGATCTTGATTTTGCAATCAGCATTAGCCAGGATGTTCTTAGGCTTCAGATCTCTATGGAAAACATGCGCTGAGTGCATGAATTTTAAGCCACGAAGAAGTTGGTACAAGAAGAATTGATGATGCTGAGGAGTGAGGTCGTCATTTACCTTTAAGACATGGTGAAGATCCGACTCCATCAACTCAAAAACAACATAGATATCTTTGAACTCCTTGCGGCAAGGAGGCAGCATGATATGTTTGATCTCCACGATATCAGGATGTTTCAGAAGCCTAAGAAGCTTGATCTCCCTGAGTATCCGTATGGCGTCAGAGACGTGTTCAAAGACATTGGTCATCTTCTTGATAGCAACTTTGCCACCAGTGTGGGGACATTCGGCAGAGGCAACAACACCATAGCTTCCTTTTCCGACAACTTCTTGGATCTGGTATTGGCTTGCTTCGCCATACTCGGTGAAAAACTCTTTCTCCAACATGATGATTCCTTACTTTAGATGAATCTTTGGATCAAAAGAGTAATCCACACGAAGAAGCTGCAAGGAGGAAGATTGATGGATGTCTCATCTTATCTTTTGATTCCCCAAGTTTCATGGAATGATAATAAT
NODE_2501_length_698_cov_17.214171	YP_010801995.1	698	459	43.9	8.69e-19	40.8	YP_010801995.1 beta-galactosidase 	Acanthamoeba castellanii medusavirus	unknown	GGTGGAAAGGAAAATCGTTCGGAAAGCACCTAGCTATGATCTAGTGGTCAGTGTTCAATCTGGAAATCAATTGGTCACTTCCTCCACTGATATATTCTCCTTGGCAGAATCTCTTGGGAGCTCAAGCCCGTAAGGGATTCGTCCACAATGGGTAGTGGTTGATAAGGAATCTGATTCCAATCCCGTTACGCTACAAAAAAGATACCATAACATACCCATGATCATTACAGAAAATGGATATGGAGAGGAGGGCAAAGCAAACGCCACCATTGAAGATTTCTTACAAGATGTCAAAAGAGCGGAGTACATGGCTGGGTACTTAGATGCACTGTCAACAGCAATCAGGAAAGGAGCAGATGTTAGAGGCTACTTTGCCTGGTCTTTGCTAGACAACTTTGAATGGCAGTATGGGTATACAAGAAGATTCGGACTTCACCATGTTGACTATAAAACACTGAAGAGAACTCCCAAATTTTCAGCATCTTGGTACAAGGAATTCATCGCAGTGCAAGGCAAAGTAAAATACCAGGAGAGAAGGATACAGAGACAGTCGCAGCCTTTTTCAATGATAAGGTTGTGTGTCCAAATTTGGAGATTGTGCGACTATCCTCAATTGACGTTCAGAGAATATGGGATGACCAACTTCCTGAAATGTCTTCTTATGTTCAAAATTTAAAACAATTGACTGTCAGGGGCTG
NODE_2525_length_697_cov_1.517742	YP_009513211.1	697	1127	45.0	5.15e-14	31.4	YP_009513211.1 pol protein 	Koala retrovirus	ssRNA-RT	GTGGGCGTTGTCAGTAGCACCAAGTAGGGTCCCTTCCACCTCGGTTCTAGGTTTCCCACTCGGTGTCTCCTCACCAGGACTGCGTCTCCTACTTCAAACTGATGCGGCACCTCCAAGGGGTCCTTCGGGGTTCCTGGGTGTCACGCAGATCTCGGTGGAACCTCCAAATGAAAGAACTCAGTGGGGAAACCCCCACTCAGCTCCCGATTCGGCGTGCACCCAAGAATCACGAATAGAACACAACACCTTGATGTAACAACAAGAGGTTTTTTTAATGGCGGAGCTCCGGGTCGAAACGTATCTCACATAACAGGAGACAGTGGATTCGACCACGAGGCTTGGAAGCTAGGGGTTTTTATAGAAAAGGAGTGGGGCTGGGGGAGGAATTGGCGCGGTTTCACATGATTGGTCCATTTAAACATCAGCTGTAACATTTAACTTAGGTCAGAGGGGTGGGAGCTAGGGAGGCGATGGGCTTGCCCGGGCATGTCCTGGTCTGTTCTGCTATGTTCTCAGCCCCAGGTTTCAAAGCTCAGAAACAACTCTTTGGGCTATTTAACATACATTACATGAATTACAGTTTTATTCCCTTTCAACATAAAGATTTGAAATGAGGGCCTGGTGTGGTAACACACACCCTTAATCCCAGTACCTGGGATTCCTTCCTTTTGCCGGGAGGCTTTCCTTAGGTATTGGC
NODE_3088_length_643_cov_30.201413	YP_009165318.1	643	2171	29.8	2.89e-11	79.8	YP_009165318.1 serine-threonine kinase 	Mollivirus sibericum	unknown	CTCGTCTCAAGGAAGTAGTGCCTCTAGCACTGGAGCAATTGCTGGTGGAGTTGCTGCAGGTGCTGCTCTGCTATTTGCTGCACCTGCTATTGGATTTGCATGGTGGCGCCGTCGTAAGCCGCAAGAACATTTCTTTGATGTGCCTGCTGAAGAGGATCCAGAAGTTCATTTGGGCCAGCTTAAAAGGTTTTCTCTGCGAGAACTGCAAGTTGCTACGGATAATTTTAGCACCAAGAACATTTTGGGCAGAGGTGGTTTTGGCAAGGTCTATAAAGGACGTCTTGCAGATGGTTCATTAGTAGCAGTCAAGAGGCTAAAAGAAGAGCGCACACCAGGAGGCGAGCTTCAATTTCAGACAGAAGTTGAGATGATTAGCATGGCTGTGCATCGAAATTTGCTTCGACTTCGTGGGTTTTGCATGACACCCACCGAACGATTGCTTGTATATCCCTATATGGCTAATGGAAGTGTGGCATCATGCTTAAGAGAGCGGCCACCATCGGAACCTCCACTTGATTGGACAACTCGGCGAAGGATTGCATTGGGATCTGCAAGGGGGCTGTCGTATTTGCATGATCATTGCGATCCAAAAATTATTCATCGTGATGTCAAAGCTGCAAATATTTTATTGGATGAAGAGTTT
NODE_3185_length_635_cov_4.666667	YP_009352742.1	635	542	51.9	2.43e-19	37.3	YP_009352742.1 ATP-dependent protease La Type I 	Kaumoebavirus	unknown	AAAAGCTAAATTCCCTCAAGATGTAATTACAACAGTAATAAATGAGTCAAGAAGAATCAAAGAGATGATGTCAACTTCTCCTGAATCAAATATTAGTAAAACATATATTGACACTATCATGGCGCTTCCTTGAAGACAAGTTTCATTAGATCATTTAAACTTAGAAGAAGCCAAAGTTGCTCTTTCTAAAAAACATTATGGTTTAAATGAAGTAAAAGATAGAATTTTTGAATATTTAGCAACATTAATCAACAGAAAACAAAAATTTGAAAACGAAAAAGACTCAAACAATCTATCCTTTGTTGAAGGCAATCTTGCTATTGATTCTAATTTATTTTCAACAAAGAAAAACAATGAATTAAACAATTACTCACAAATGCCAATTCTTACTTTAGTAGGTCCTCCAGGTACAGGTAAAACTTCGATAGCAAAATCCATCGCTGATGCTATTGGTAAAAAGTTTGTCAAAATCTCTTTAGGTGGATTAAGGGATGAATCTGAAATTCGTGGACATAGAAGAACTTATGTTGGGGCTTTACCAGGAAAAATTATCCAAGCTATTAAAAAAGCAGGTGTTTCTAATCCATTAATTTTACTTGATGAAATTGATAAAATGAGTTCAGATTTTAAAGGAG
NODE_3194_length_635_cov_0.913978	YP_010769075.1	635	456	50.0	3.82e-08	22.7	YP_010769075.1 maturation protein, partial 	ssRNA phage SRR7976357_8	ssRNA(+)	AGGGAGTATTGTATTTAAAGGGCAGAATCTGCTTGATATGGAGCCTGAGGAAAGATCTCTTGCCGGTCTATTCATGAGTTTCCAGTCCCCGGTTGAGATCCCTGGTGTTAGCAATATGGATTTCTTGAATATGGCATTTAATGCTCGTAAAAGAAAGCTCGGTCAGCCAGAGCTTGATCCAATCCAGTTCTACAGCCACTTAGTATCGAAACTTGAAGTTGTGAACATGAAGACGGATTTTCTGAACAGGAATGTTAAGGAAGGGTTTAGTGGTGGTGAAAGGAAACGTAATGAGATTCTACAGTTAGCGGTCCTCGGAGCCGAGCTGGCTATACTGGACGAGATAGATTCAGGGTTGGATGTTGATGCTCTTCAAGATGTGGCAAAGGCGGTGAATGGGCTTTTGACACCAAAAAACTCTGTTCTGATGATAACCCACTATCAACGCCTACTTGACTACATCAAACCAACTCTCATACACATCATGGAGAATGGACGAATCATAAAAACAGGAGACAAGTCCTTGGCAAAATTACTGGAAAAAGAAGGCTACAAAGCCATATCCGGTTAGTTATGGCAGATCATAGACAACCTCTCTTCCTTCTTGGAGAGACCAGAGTGTTTTTGTGGCAAAG
NODE_3330_length_625_cov_0.620438	YP_223871.1	625	1193	51.9	3.7400000000000005e-21	49.4	YP_223871.1 protease/polymerase, partial 	Reticuloendotheliosis virus	ssRNA-RT	GAGAAAAGATGGCAGCTGGACTTTTAACCCAAACTGTGAGGCCCTGGCTGAGGCCGGTGGCCTACGTCTCTAAACAACTAGACAGGGTTTCTAAAGGATGGCCCCCCTGTTTGAGGGCCTTGGCAGCAACAGCTCTGCTAGCGCAAGAAGCAGATAAGCTAACTCTTGGGCAAAACCTAAACATATAGGCCCCTCATACTGTGGTGACTTTAATAAATACCAAAGGACATCATTAGCTAATAAATGCTAGACTAACTAGATACCAAACCTTGCTCTGTGAAAATCCCCACAAAACCATTGAAGTTTCCAACACCCTAACCCAGCCACCTTACTCCTGGTAACAGAGAGCCCAGTTAAACATAACTGTTTAGAGGTGCTGGACTCAGTTTATTCTAGTAGGCCTAACCTCCGAGACCACCCTTAAACATCAGTAGACTGGGAGCTGTACGTGGATGGGAGCAGCTTCTTCAACTCCCAAGGAGAGAGAGGTGCAGGGTATGCAGTGATAACCCTGGACACTGTTGCTGAAGCCAGATCGTTGCCCCAGGCCACCTCAGCCCAGAAAGCTGAACTCATTGCTTTCATTCGGGCCTTAGAACTCAGTGAGGGTGAGACTGTCAACATT
NODE_3374_length_621_cov_0.922794	YP_009336626.1	621	5144	40.3	6.33e-11	30.0	YP_009336626.1 hypothetical protein 	Shahe endorna-like virus 1	RNA	CTCGTCCTTCATCGCCTTTGCTAGTGTCTCTGCACTGCTCTTCACCTTATCGTCAAGCATGAAATTAATGGCATCTTCAAGCTTATGGAGTGAGAATTCGTCTACTGGGATTGGTGCAGGACCTACTCCTCTAGCGTGCACTCTTTCTCCCCAGAAAGGTTGGTCTCCAAAGAAAGGCACAATAGTTGTTGGGCACGCTGCTTTAAGCCCTGCAGCCGTTGTTCCAGCACCCCCATGATGAACCACTGCCTTGCATCTCGGGAATAACCAGTCATGAGGGACATTATCCAACAAGTAAACAAAATCCTTCGGTTCTTTCAAGTTTCCAAGGCCACCCCAGCCTTTGTTGATGATTCCTCTCTGTTTGGTTCTTTGAAGTGCTTCCACAATTATTTCAGTCATCGTCTCTGGTTCTTGGACAGGCAGACTACCAAAGCCGATGTAAATAGGTTTGTCACCAGCTTCTAACCATTCCACAAGTTCTGCAGGAGGTTCATAGTTTGACGCAAGATCAAGGAAGCAGAATCCCACTACATCTATTTGTGGCCCCCAGTCTTTGGGCTTTGGGACTAGATGAGGACTCCACATATATCCATATGGAATGTTAGAGCCAGAGCTTTG
NODE_3441_length_616_cov_0.602968	YP_003864102.1	616	870	50.0	3.0299999999999997e-45	83.8	YP_003864102.1 pol protein, partial 	Simian retrovirus 4	ssRNA-RT	AATTGTTTTGCTTCTGTCTTTGCAGCTGGTTTCTGTAGTTGCTGTTCAGCTGCTGATAACATCTGGCCTTTGGGCAGGCTCAAAAAATTTAAAGTTAATAATGCTAGGTTCAGTTGCATTGGTGGGGTTCCATACTCTCTGTCTCCCCTTCTGCTTTTGCAACTGCTGTTTTAGGGAGAGATTCATTCTTTCCACTATGGCTTGTCCTTGAGAATTGTATGGGATACCAGCAATGTGTTTAATATTCCACATGGAGAAAAATGTAGCTAGAGCTTGGCTAGTATAGCCTGGGGCATTATCTGTTTTAGTAGAGGCTGGAATGCCCATCACCACAAAACACTGCAAAAGGTGATGTTTAACACAGGCAGAAGACTCTCCTGTTTGGCCTGTAGCCCAGACAAAGTGAGAAAAGGTGTCCACACATACATGTACATAAGCTAGTCTCCCAAAGGAGGGAACATGTGTGACTTCCATTTGCCAAAGAGAATTAGGTTCCAATCCTTGATGATTAACTCCTCTTGTAAAAGATGAGGAATGCACCATTTGGCAAGTTGGGCATCGCTGGATAATAGCTTTAGCTTCTTTCCAGGTAATGCTTTATCAGTGTTTGAGACCA
NODE_3501_length_611_cov_3.451311	YP_009507788.1	611	241	85.3	5.95e-114	93.3	YP_009507788.1 protein p30 	Harvey murine sarcoma virus	ssRNA-RT	CTCTTTTCTGATGACAGAACTTTCAAAGTGTCTTACTACATCAGCACACAGGGCAGCCCCATACAACCTTGAGTGCCATCGTCACTGCTGTTGAGCTTTTTCATTCGGTACTGGCGTATCTCCCTTACCAGTGTGTAAAAGGCATCCTCCACACCCTGTCGGGTCTTGGCTGAGGTCTCAATGAATGGAATTCCGTAACTCTTGGCCAGTTCGTGGGCTTGCTTTGTGTCAACTGTCCTTGTTGGCAAGTCACACTTGTTGCCTACCAGCACCATGGGGACATCATCAGAATCTTTCACACGCTTAATTTGCTCCCTGTAGAGGTTAATATCTGCAAATGATTTGCTATTATTGATGGCAAATACACAGAGGAAGCCCTCCCCTGTGCGCATGTACTGGTCCCGCATGGCACTATACTCTTCTTGACCTGCTGTGTCTAAGATGTCCAGTAGACATGTCTCCCCATCAATGACCACCTGTTTCCGGTAGGAGTCCTCTATAGTGGGATCATACTCGTCCACAAAGTGGTTCTGGATCAGCTGGATGGTCAGGGCACTCTTTCCCACGCCTCCAGCGCCCACCACCACAAGCTTGTATTCTGTCATAGCTTC
NODE_3926_length_585_cov_2.082677	YP_009507789.1	585	189	92.2	2.52e-108	85.6	YP_009507789.1 p21 v-has transforming protein 	Harvey murine sarcoma virus	ssRNA-RT	CCTTGTCCTTGACTTCTTCTTCTTCTTCTTCCCATCTTTGCTCATCTTTTCTTTATGTTTTCGAATTTCTCGGACTAATGTATAGAAGGCATCGTCAACACCCTGTCTTGTCTTTGCTGAGGTCTCAATGAACGGAATCCCGTAACTCCTTGCTAACTCCTGAGCCTGTTTCGTGTCTACTGTTCTAGAAGGCAAATCACACTTATTCCCTACCAGGACCATAGGCACATCTTCAGAGTCCTTTACTCTTTTAATTTGTTCTCTATAATGGTGAATATCTTCAAATGATTTAGTATTATTTATGGCAAATACACAAAGAAAGCCCTCCCCAGTTCTCATGTACTGGTCCCTCATTGCACTGTACTCCTCTTGACCTGCTGTGTCGAGAATATCCAAGAGACAGGTTTCTCCATCAATTACTACTTGTTTCCTGTAGGAGTCCTCTATCGTAGGGTCGTACTCATCCACAAAGTGATTCTGAATTAGCTGTATCGTCAAGGCGCTCTTGCCTACGCCACAAGCTCCAACCACCACAAGTTTATACTCAGTCATTTTCAGCAGGCCTCTCTCCGCGCCGCGGAGCCG
NODE_3994_length_581_cov_0.984127	NP_955579.1	581	669	38.0	4.03e-19	66.6	NP_955579.1 reverse transcriptase 	Feline leukemia virus	ssRNA-RT	CCCTATCCTCTGAGAGAAAAATGGCAGGGTTGAGGCCCGCACACGTGTGTATTTGAAGCACTGGTCCCTCAAGGAGTAGCACCTGGTATCTAAGTAGGCAGTTGTCTGATAGCCATAAACTTCCTTTGGCACCTAGTATGCCATTTACATCATGAGTAGTCCAGACAGTGAGATCCTTTCCTTGTATTATTTTGATAGCCTCTGACACTAAGACAGCCACCGCTGCAACTACCCGTAAACAGTGAGGCCAGACTTTGGCTACTACATCAATTTCCTTACTTAGGTTGTGGGGTTCCTTCCTTACTGGTTGTGGGGTTGTCCTACAAGTCTGAGTAAGGACTCCAAGAGCTATTCCCGTTCTCTCTGTGAGGTATAAAGAGAAGTTTTGTCCTGGGGAAGGCTTAAGTCTTGAGTTTGTACTAGGGCCTGCTTTAAGGTTTTGAAGGCTGTTTCTGCCCCTGGTTCCCATTCTACTAGATGAGTATTTGCCCTCTTGGTCTCCTTGATTAGAGTATAGAGGGGCCTGGCTATCTCACTGTATCTGGGGATCCATAGTTGGCAAAAGCCAGTGATTCCAAGGA
NODE_4130_length_573_cov_0.949597	YP_009305201.1	573	866	53.2	4.810000000000001e-66	99.5	YP_009305201.1 pol protein, partial 	Simian retrovirus 8	ssRNA-RT	CTCAATTATGCCTTGGCCCTGTGGATTATAGGGCAATCCAGTAATATGTTTTACTTGCATTTGTTTGCAAAATTGGCTAAATTTAGAAGAAGTATATGCAGGACCATTATTTGTCTTTAACACTAGGGGCTTGCCCCATGCAGCCCAAGCCTCTAAGCAGTGAGATATGACATGAACTGCTTTTTCCCCTGTCAAGGGAGAGGCATGTAGGACACCAGAACTGGTATCGATGGATACATGTACATATTGTAATTTCCCAAAAGATCGGATATGCGTGACGTCCATTTGCCAAACATCTAGGGGTCGCAATCCGCGAGGATTAACACCCACGGAAGGTGCATTAATAAATTCTACACATTTACCACACTGTAGGACAATATTTCGGGCTTCGGATCGTGTGAGTTTAAACTTTTGTCGTAATGTAGAAGCAGGGACATGATAAAGCTGATGAAAATTCTTAGCACTTTCTATAGAACTTTGTAATAGGAAAACCATGTCTCTGGTGGCTGAATCAGCAATTGCATTTCCCTTAACCATAGGTCCAGGTAATGATGTATGTGCTCTAATATGTTG
NODE_4319_length_563_cov_0.835391	YP_010840101.1	563	222	33.3	6.84e-07	54.9	YP_010840101.1 NS1 	European wheat striate mosaic virus	ssRNA(-)	ATTTAGGCTCGCTCTGAACCTCCAGCGCATCCGGCGACACCACGCGACCCCCCGAGCTGCTCGAGTCGTCCTCTTGCAACGTCGGGTAAGTCGAGTCCGACGCATCGAAAGGCGATGAAGCCGTCATGGTCCTCGGTTTCTCATCGGCAGGGTAGTACTTCTCCATGGTCCCTTTCTTGTTGTAGATTCGACATAACACCCAATCATCAAGTCGAAGGTTGTTCTTTTTGTTAACAGAAGCTGATCTATCGACATTAGCGAGACGATACTCGTGCATTATCCAATTCGTTTTAATCCCTTTAGGAGCTTTCCCAGCGTAAAAGACTAGCGCTTTCTTTATACCCAACGTCTTCGGTTTACCGATCGGTTTATCAGCTCCGGTGGCTTTCCAATAACCAGTTCCCGCCGCCCGGTTAGGACGCGAGCCGTTTGGGTATTTCCGGTCTCGAGGTGAGAAGAAGTACCATTCTTTCTCTCCGTACAACGCCTTGTCTGGAAGCTCCCATGGATTGAACTTGTACAGATCAATCTCCGCGATCACCGGAACGGTGATCGGCTCCGAC
NODE_4391_length_558_cov_72.313929	YP_010802132.1	558	173	41.6	1.2599999999999999e-34	77.4	YP_010802132.1 GTP binding nuclear protein Ran 	Acanthamoeba castellanii medusavirus	unknown	GCAAGGTCAATTTGTACTTCGGGAGGAGCAAGAGCTGGTGATTCAACAAAGTGAAGATTTGGATCCCCAGCAAGCTTTCTAGCCAAATATAGGAATGGCTTTTCAAAATTGTAATTACTCTTAGCAGATATCTCATAGTACTGAAGATTCTTCTTCCTGTGGAAGGTAACCATCTTGGCTTTGACCTGCCTGTTCTTGACATCTACCTTGTTGCCACAGAGAACTATGGGAATATTCTCACAAACCCGGCAAAGATCCCTGTGCCATGTAGGAACATTCTTGTATGTGAGCCGTGCAGTGACATCAAACATGATAATTGCACATTGACCATGGATGTAGTATCCATCTCTCAGCCCACCAAACTTCTCCTGCCCTGCAGTATCCCAGCAGTAGAACCGGATCTTCCCACAGTTGGTGAAGAAATCCAGGGGATGGACTTCAACACCAATAGTAGGTTCGTATTTCTTCTCAAACTCTCCGGTGAGATGTCTCTTCACGAAGGTAGTCTTGCCTGTGCCACCATCGCCGACGATCACCAACTTGAAGCTTGGATAATCG
NODE_4586_length_550_cov_0.577167	NP_955580.1	550	416	44.6	2.02e-16	47.5	NP_955580.1 endonuclease/integrase 	Feline leukemia virus	ssRNA-RT	GCGGGGACTTCCAGGCACTCCCCGAGAGTTAGGTGAAATTGAGTTACAGCGACAGCTACAGGCTTTAGGAAAAATTACATAAACAATCTCAGCCTGGGTAAATGAGAGATGCCCTGTTAGTTTATTCTCCCCAGTTCACCCTTTCTCCCCAGGTGATCGAGTGTGGATCAAGGACTGGAAAGTAGCCTCTTTGTGTCCACTGTGGAAAGGACCCCAGACTGTCGTCCTGAGCACTCCCACCGCTGTGAAGGTAGAAGGAATCCCAGTCTGGAACCACCACAGCTGTGTAAAACCTGCAGCGCCGGAAACCTGGGAGGCAAGACCAAGCCCAGACAACCCTTGCAGAGTGACCCTGAAGAAGACGACAAGCCCTGCTCCAGTCACACCCGGAAGCTGACTGGTCCACGCATGGCCGAAGCATGAGGAAACTCATCGCGGGACTCATTTTCCTTAAAATTTGAACTTGTACAGTAAGGACTTCAACTGACCTTCCTCAGACTGAGGACTGTTCCCAGTGTATACGTCAAGTCAGTGAGATAGGACAAAAGGT
NODE_4666_length_546_cov_0.633262	NP_040333.1	546	1204	38.4	2.64e-20	75.3	NP_040333.1 RNA-dependent DNA polymerase, partial 	Friend murine leukemia virus	ssRNA-RT	ACTTCAATCCGGCCTGCCATGTTATTCCTGATACCACACTTGACCCCCATGACTGTTTCTCTCTGATACACCTGACATTCACTCCATTTCCCCATATTTCCTTCTTTCCTGTTCCTCAATCTGATCACACTTGGTTTACTGATGATAGTTCTACCAGGCCTAATCGCCACTCACCAGCAAAGGCAGGCTATGCTATAGTATCTTCCACATCTGTCATTGAGGCTACCAGTCTGCCCCACTGCACTACCTCTCAGCAAGCCGAATTAGTTGCCTTAGCTCAAGCCCACACCCTTACAAAAGGACTACACGTCAATATTTATACTGACTCTAAATATGCCTTTCACATCCTGCACCACCATGCTGTTACATGGGCTGAAAGAGGTTTCCTCACTACGCAAGTGTCCTCCTTTATTAATGCCTCTTTAATTAAAAACTCTTCTCAAGGCCACTTTACTTCCAAAGGAAGATGGAGTACTTCACTGCAAAGGCCATCAAAGGGCCTCAGACCCCATTGCTCAGGGCAATGCTTATGCTGATAAGGTAGCT
NODE_4722_length_543_cov_2.416309	NP_955598.1	543	246	52.6	3.11e-08	31.5	NP_955598.1 FOS 	Murine osteosarcoma virus	ssRNA-RT	GTGTGTATGTCTCACCCCGTAGGAGTGCGCCGGTCTCGGGGAAATGCCCGGCTCCTTCGTGCCAACGGTCACCGCAATCACAACCAGCCAGGATCTTCAGTGGCTCGTGCAACCCACCCTCATCTCTTCCATGGCCCAGTCCCAGGGGCAGCCACTGGCCTCCCAGCCTCCAGCTGTTGACCCTTATGACATGCCAGGAACCAGCTACTCAACCCCAGGCCTGAGTGCCTACAGCACTGGCGGGGCAAGCGGAAGTGGTGGGCCTTCAACCAGCACAACCACCAGTGGACCTGTGTCTGCCCGTCCAGCCAGAGCCAGGCCTAGAAGACCCCGAGAAGAGACAGTAAGTATGAGGCCTCAGGAGTTGGGATGGAGGAGCCTAGCTAGGGATGTGGGCTCAGTTTGTACAGTGCTTGCTGCCATGCATGAAGATCCCTAGCACAGCATAAGCCAGGAGTGGTTATGCAGACCTGTAACCCCAGCTCTCAGAAGGTGGAGGCAGGAGGAGCAGGAGTTCGAGGCCAGCCTGTGCTACTTATGGAG
NODE_4770_length_540_cov_31.984881	YP_009165152.1	540	510	34.6	9.69e-20	86.7	YP_009165152.1 Cytochrome P450 	Mollivirus sibericum	unknown	GCAGAGCTAATGAAGCATCCTGAGATGATGGAGAAGGCTCAAGCGGAGGTGCGGCGAGTGCTGAAGGGAAGGGCCAGGATTGAGGAGAGGGACTTGAGTGAATTCCACTACATGAGGCTGGTGATCAAGGAGACTCTGAGGTTGCACCCGCCAGTTCCGCTTCTGCTGCCGAGGGTCGGCACCAAGAGTTGCCAAGTGAATGGCTACGATATTCCGGTGGGTAGCCGGGTCATGATCAATGCTTGGGCTATGGGAAGGGATCCAAGGTACTGGGAGGAGCCAGAAAGCTTCAAGCCGGAGAGGTTCGACGGCAGCTCGGTGGACTTCGTAGGTGGTAGCTTTGAATTCGTGCCTTTCGGTGCGGGAAGGAGGATTTGCCCTGGGATGGCCTTTGGATTGGCCGAAATGGATCTGATCCTGTCCCATCTTCTGTACTACTTTGATTGGAAGCTTCCCAACGGAATGGCCCCCAACGATGTGGACATGACCGAGACCTTTGGGGCAGTCGTGGGACTGAAATCACCCTTGTGCTTAATTGCC
NODE_5523_length_509_cov_3.331019	YP_628286.1	509	587	85.2	7.17e-102	99.6	YP_628286.1 protein-tyrosine kinase 	Y73 sarcoma virus	ssRNA-RT	CTGAGGAGCCCATTTACATCGTCACGGAGTACATGAGCAAAGGAAGTTTGCTTGACTTCTTAAAAGATGGTGAAGGAAGAGCTCTGAAGTTGCCAAACCTTGTGGACATGGCGGCACAGGTTGCTGCAGGAATGGCTTACATCGAGCGCATGAATTATATCCACAGAGATCTGCGATCAGCAAACATTCTAGTGGGGAATGGACTAATTTGCAAGATTGCTGACTTTGGATTGGCTCGGTTGATTGAAGACAATGAATACACAGCAAGACAAGGTGCGAAGTTTCCCATTAAGTGGACAGCCCCCGAAGCGGCCCTGTATGGAAGGTTCACAATCAAGTCTGACGTATGGTCTTTTGGAATCTTACTCACAGAGCTGGTCACCAAAGGAAGAGTGCCATACCCAGGCATGAACAACCGGGAGGTGCTGGAGCAGGTGGAGAGAGGCTATAGGATGCCCTGCCCACAGGACTGCCCGATCTCCCTGCACGAGCTCATGATCCACTGCTGG
NODE_5583_length_507_cov_2.458140	YP_010804552.1	507	1676	33.6	3.11e-13	72.2	YP_010804552.1 Ser/Thr protein kinase 	Acanthamoeba castellanii medusavirus	unknown	CAGAGGATACCATCCCATCACTAGTCAGGGAGTTGCATGCAGGGTTATTTTGGGGGGCTGTGGAGCCAAGGATGATGCCCACCTATCCTGTATTGAGCAGCTGCCAACGTGCTGCTCTCGGAGCAGGGTGATGTGAAGCTGGCAGACTTCGGTGTGGCTGGGCAGCTCACAGACACACAAATCAAGAGGAACACATTTGTGGGTACACCCTTCTGGATGGCACCTGAGGTTATCAAGCAGTCGGCCTATGACTTCAAGGCTGACATCTGGTCCCTGGGCATCACAGCCATTGAGCTGGCCAAGGGGGAGCCGCCAAACTCTGATCTCCACCCTATGCGAGTCCTGTTCCTGATTCCCAAGAACAACCCACCCACATTGGAGGGCCACCACAGCAAACCCTTCAAGGAGTTTGTAGAGGCCTGCCTCAATAAGGACCCACGATTCCGACCCACTGCCAAGGAGCTCCTGAAGCACAAATTCATCACACGATACACCAAGAAGACCTCC
