QuerySeq	SubjectSeq	QseqLength	SseqLength	Pident	Evalue	QCover	SubjTitle	Species	FullQueryLength
SRR25660809_c13	YP_009551963.1	2338	1843	50.5	3.27e-260	100.0	YP_009551963.1 replicase 	Cherry virus Trakiya	CGTAACGCTTCACAAACTCAGGATGTAAGAACTGATCCCAGTTTTTGTAATCAAAATCTTCCCATTCGTCTCCCTTCGATCTCAACCTGTCATACAAGCCTTTCCAACCAGTTACGGGATCAATCCCTACGCTAGAAGGTATACGACCTGCGAGCGCATGCTGAGTTGCTGTGTACATGCCAAAATATTTTCGGATGAGGAGATTGTAATCCATGGGTAAACAAATAAACACTCTAGTAACGCCGTTTTCTACTCTAGCGAGCGGTCGAGTTTCATCTTTTAAGCACGCATATGCCAAAGACTTGACTCTTTGCCCAACTTGAGCAGCATCTTCTCGCAATTTAATGCGGTCATTGAGGATGGATTTAGGAAGATACGTCTTCCTACCTCCATCAGCAATGATCTCATCAAACCACTCGAATTTGCCGTTGACACCAGTGAGTTTTCTCTGCTTAACGAATGGATAACCGGGGGATGTTGTCATATCAATTGGGTTGATTTTTCCGGGGATTCCATTAATCATCTCGTTCATATCCAAAAGTCGTCTAGTTATACCTGGAACTGATCTCTTACACGCATATTCAGCTGCCATCATTTCAGTAACTTCATCAAGGATGGTTAAATCCAAGGATCCATAGCTTGCTTGATCGTAGCCTTCAATGTTCTTAAACATTAGATCTTTTCCATAAACTTCATCACAAAGACGAGGGTCATACTTATCTAAAGCAGCGGGTGCTTTTGTCAAAGTCGCCTCATCTTGGACTAAGCTTGGGCGCAATTTCGACTTCTTCTGAAATTGAATTTGAGAAGATTTTTCCAATGTGCCGAGGTAAATGAGGGATTGTTTTCCAAGATTAGGAGGACAAGCGGTGTCGTAAACGAAAGAGCAGGCCTCTGCTATAAAATCTCTGTCTGCCGGAGTAGAAGATAAATCTTCTCCAACGCCTTTCAGAGCCTCGAGTAACATTGATTCAGATATGGGCTGAAAGTATCCTGCTTTTGTATGGGTGTTTCTAGAAGTTTGAATGCCTAATAACTTTTTATTGTTGTAAGGATCCAAAGCAACTAATAATGAACCACTCATACCTTTGGTTGTTACGTAGTTAGAAACTTCATAACTTCCAAGAGTAGAATATTCAGTTGTTCCAAATTCATCTTTGTAACTCAGAGGTTTTGTAACAGGGGTAGCAATAACATTAGAAACATACATGGCCTCTGGATTCCTGGTAGCAATTATAGCACTAGTCGACTTTATCATCACATCATCAGCTGAGAAATGTCGTACGATATTCTTTGCACAAGGCATTGAATTGTCGCACTTATAGACACAAGCATCTGCTGACTTGATTCGATAAAGCCTCTTTGAAGAAAACTTTTGCCGAACTGGTTTCATAGCATTCAAATAATGTGGGATTTCTATCACGAATTCTTGTCCTTCCTTGAATTTGGTAAAGACATGGTGATTCGCTAAGATGCAGGTCCCACCTATTCTCACAGCTACCGCAGTTTCACATTTGTTATCTTCTAGAGGAACGACTAAGCGCGATATTCCTCCTTTACCTATGAGAGAGGTTAGTACTAAGTCCATAGCATTAGCGTCAGTTCCAGTTGTAGTAAAATCATCTCTATACGCGTCCATAACACCACTAGTAGGGGTGACCACTTTAGCAATTTTAGGGGGCTGTCTAATTGGTTTTCCATAATCATATTGAATGGCGGTGACTTCGGGATGTCCTTTCGGACCTGAAGTAAACCACCGATATGCTAATAGAGCACCTAGAGCAACTCCCAGATACTGCCACAATGGCCGTTCCTTAAGAATGGCGATACAGCGTTGTATGTAAGAAGATCCTCCTGTCAATTGTTCTTGCGCAGATCTGAGATCAGCTCGATGCTTTTCAACAGATTTTGCAAAATCAATAAGTGAACGAGGAGTAATATCCAAACCGGGACATCTTTCCTTTGCATAAACATAGTACAATTGGTTGATTTCGACCTTGTCGGGATGATATTGAATGTCGAATTGTTCAATACCATTGATGTGGGTGATGTGAGGGGGGGAGTTTCCTAAGGATGAGTAATACTCTTTCCACCAGGAAATGAGGGAAGTGGGTTCAACATCGGGAATTGGTGTTACGTTGTCTTGTACAGACCGTGATACATCCACGAATTCATCGTCTGAAGCCGCCTTAATATCTGATTTACTTAACTCTTCTTTCAAGCCTAAACTTGCAAGCATTTGAGCTACACAAATATCATCAGCGCCTCCATTTTTGATTAATCGTTGCTGTAGATCATACCACGCAATGTACTCCTTCAATATGAGAGAACACAACTC
SRR25660809_c14	YP_009059075.1	2314	733	45.8	6.94e-208	91.5	YP_009059075.1 hypothetical protein 	Cimodo virus	CTGAAACGCACAAACCGACTTAAAATACAAAAACATACCAAGAAACGATACCGAAATATTACGATTACTATAAACTAAAAATTCAGTCTTCTTCGCCGGAAAATGGGTAACACTAGCTCAAATTCAAGCAGGATCACAACAAATTACATTTTAACAGGTAGTAATAATGGTTTAACGTCTGGATCTCAAAGCATTGGTACTGCTACAGCAAGCGCTACAACTGATGTTTCGCCAAAAGCAGATCTTAACTATTCGACTTCAATAAACCCATCGATGTTTGGCACACTTACAGCAATAAGATCATTAGGTGGTAAACTTATTGGAACTATTGGCGCTAACTCAGATATAATTCAAACAGTTAAACATGTTGCGTCCTCGATTTATCGCGTAGCGAAAGATGAGCCTGAGTTAATTGAACACGCCAAAAGATTAACGAATTCCATATTAAATAAAGTCACAACCGATGGAGTGTTAAAATCGACAGATCAGTTAGATTTTGAGACAATTAAAGATGTAGCTGATTTACAGGTAGCGGTAGTTGATAGAATGGCAAACGCTCACAACGATTATCAAACTGTTGCATTGGGTACAACTGGTATTAGGAATAGTGAAGTATCTACAAAAATAACAGATTCAGCATTGAATGCACTTTATACTAGAGCTACTCCGTCAGAAAGATCGAACAAGGATAAGATTTTAGCTGTCGCAGGAAGCAGATTGGGAATAATATCTACTACAGAAAACAAACCACCAGTTGATTATGCTATGAATACATTTGATAATGCTTCTACGAAATACGGAAAGTTAGTTGATGTTAAAAAACAGAGTGAGGATATTACAATTAAGCGTAATTCTATATTGTTTTCTGTACTTCACAATCCAGCATCAGTTTTAGCCAGCGCAGGTGTACTTGCTCCATTCAACATTGAATCCACAAATTTTATTGGGATAATTAAACAAGTTAGTGTACCTTTTACAGCTATTTCATATCCTAATGGACATCAATTTTCTTCAGCAAATTTAAGAACTCCAGGAGTGGAAGTAATTGATACTTCCACTAATAGAGTTGCCACTCAAAAATTTGCGCTGAGTGCATATTCATATACGACACCGTTTGACGATGATACTCGTGAAATTAGATTGCAGTTAAGTGGACAAGTAACTGCTTCCAGGCAACCTTACAGTCCAACTCAGCTTATTTCAATTGGATTTATATTTAAGCGATCTGGAAATTATTATTATCAGAGGGCAATATTGATTAATACAAAAGTTCGAATCGAGAAAACGAAAGCATCCCAGCAATCTGTTGGTTCTGTTGTTAATACCAGGACGCTTAGGGTATATAACACATTGGAAAATAACACAAATATTTTACAAGATTATTCGAAGCTAGCAATATCTGACAAGCTGAATGTTTATACTCGTAAGAAACTTGAAGTGGCAAGTGATGGGGAAAAATTGCAAGATATTGTGAATGCTCGAGAGCTGAAAGTGAATTCGGATGACCCTGAAGTCGCGAGATTTTCATACTCATCACAATGGCAATGCGTTCTAAACATTTCAAATACACAACAGATCAATCCACATGAGTTGTTTCCAGATGACACTAATGAGTGGGATGCGGAAGATCGAGTGAATGCTATGTTGGTTGCTACCTACCCTGAGAACGTTAGTTTCGCAGTGGCAGTTCAAACGCCTACAGTACAAGTAGTTACAGTTAAGATGCCAACTGAAATGAGATTTATTGGAAATAGATATCATAATACTGTTATAGATGCGCTTGGTACTGTTCCGGATTGGTATGCTACATCGGATATGCATGATCCTTGGTACATATATAGGAAAGTTATTTCTCCTCTAATACAGTACTCTGGGAGAATTGCCCTTATTCATGTATCTTCAGGCGCGCCGTATAATTTAACTAAGGAACACATAAGTTTAGCTAGGAAAGAATCTGGTCTTACTATTTTAGGTGAATATGAGATGAGAGCCCACGTGATTGAGCTAATAACGGGTATTGGACGATGGATGAGTGATGCTGGTCCAGTTTCAAAATATTCCAAACATTCAAGAAAGTATTTATTCATGCATATTTGCGAAAAGGTCTTATTCCAGAGTCTTACTCATATTGACGTTTATGCAGAGAAAGTTAGTAGGTTAACCGAAAATTATTTGATAGATTGTAATGAATTTAACAATTATGAGCTATTATTAGATCAAAGAGTAAATAACTCTGAGTTAATTGAATATAACATTTAATCACGTGTTGGAAGTTGCGTTAGGTACGGCCCAGGTTGTCACTTTACCAGCCAAG
SRR25660809_c19	YP_009059077.1	1925	578	35.9	8.11e-108	86.6	YP_009059077.1 NTP-binding domain protein 	Cimodo virus	TAAAATTTAAAAAAAATTTTGATCGTAAACTCACTTTGCTCTCACACGCTTGGGCCTCCAGGGGGACCAGCCCTGGTTGACATGGCATATCACGTGCTTTATCCCGTAAAACCTTGTCGCATACGTAATGCCTCAAACTTTGAGTTAATTGCATTCAATACGTTCTTTCCAAATATCATTAAATATTCTGCCCAGCATAGTGTTACTCTGTTAGAATATGGCGTCATTGAATTATACCATAAGTGCAATAATTCATTCTCAATTTTATTGTCTCTATTACGTTCTCTTACAGCTAAATACGTATCGTGAATTGGTTTAATTACTATCTGTTGCCATGCGCCAGATAATAAATTTGCTTCAATCGTAGTATGTAAGTACAGTATCACCCTCATAGTACCATATGAATTGTATATAGCAGTTTGAAACTTTGCGATCCCATACTCTGAATTAGAAAGTATTGAGGAATAAAAGCGAGAGAACGATCGCGCTAAATCATCAGAAAAACAGTCTTTTACGTTTTTATCTTTAATCAAATTTGTGGTATAAAATTCAAATATACTCATATCAGATTCAGTAATTCCATCTAATTTCACCTGCTTATCACCAGCAATCATTTTCATTACCCATCTGCCATACACATCCGAATCTATCTGAATGTACTCAGGACATGCATCTCTGATTAAGTGCATTACAGTAGTTTTAAAACCAGCTTTTGGCGCAATTACAGTTATTCCCATATCTCGACCAAATATAAAACTTTTCCTTAGTTGTAAAGATACTGATAATAAAGCATTACTTACAAATCGATTCGTTGGAGCAATGGGTGTCGCTGATATTAATTCCGGAATCTTTAAACTTAAACGGCCATACGAAGAAGCAAATGACGATATCATTAATAACTCATAAATTTTATATCGCTGCTCATCATCTGTAAATATTAAAACAGTGTTTACCTTAATAAATGTGTCTAACTTAAAATTCTTAAACTTAGCTCTTAAATCAATCCTTTGTAGATTACCATCAGACACAGTTCTTATGTTATTTTTCTTAGAATATCTGAAGATCTGATTTTGCAATGATGCTTCCTCTTCACTTAGCATTAACTCGTGCATGAGTAACAGAGTATCGGTATTCTTTACTTCCGAAACGTTCTTGATTTGGTAACAATTTGCTAAGCAACTAACACATACCAATCTCGATGTATTATTACACTCGGAGTATAATATCGTACCATCTAAACCAAATAAAGGTTTGCCAATCACTTTTGTGTCTAAGGCTTGAACAAATTTTGGAGCGAAAGCTAATATTGCAGCATTCTGTATCGTGTACACTACCACAGTTCCATTAAAAGGGTTAATATGTTTTACTTCAGTGTCTACGACTCCAATTAAAGGCAATTCTGATATCAAACGATTCTGCTCAACCTTCTGTCTGGCAGGAGTAACATAAGCTTCAACACCAGGGAAAAATTGTTCACCATAGTATATTACTCTGTGACCATTAGATACTTTGTTATTTAATATGTCGATGGTCAACTTTGAACATTTGTAATCATGATATAATCTAAGTTGTTCCTTATTCGCTGCATATACCAAGTAACCAGGAGTAGTAGCTAAGGACCACATCTTAATGAAAGATCTTTGAAACTGATTTGTACGATCATAAACAGATTTAAGTCGCTTAGCTAAATAGGAGTAAACATGATCACTATATGTTCGAGGAAGTTGTATATCCTGCTTTTTCAAAATTGAGTTAACATATTTTTTAAGGCCAGGGTGCAAATAATGTATATAGAATGGCAGTTCCTGATCCATGTCCCGGGGAAAAGGGGCAACGATCTAGCGTAAGGTGCGTGTCGATAGCTTAAAGTTCTGTTGTAAGTCTGTGCGTTTGAGGTTTGTTGTGGCGAGTTTAGTTATTTTTAG
SRR25660809_c22	YP_009337880.1	1748	488	42.9	1.08e-112	72.6	YP_009337880.1 capsid protein 	Hubei noda-like virus 9	GCCAAATGTTCAAAACAACAACAAGGCGAAGAAGACTAAGTCTTCCAAAACCAAACGAAAATCTAACAAACCAAGCCGGACAACTGTTGCACAAATGCAAGCTTTGTCTGACTATATACCCAATCAAACTAGGGCAGGCTATAAACCAAACCCTGCTGACCCACGCACCACTGTTTCTCTTAGTAATTTTGCTAGCACTGTGGAGGGCTTTAAGGATGTCATTAAGATTCTGCATCCTTGTGGCGAGTACGATCTGGAATGTTGCAAAGTTCCTGACGGTATTTTCGGCACTACTGTGGGTTTTGAGCGTCGCGATGAATTTGAGATACCTTGTGTCTCTGCCAATCAGGCAACTTATAAAAGTTGGTCTCTCATCATTGTCCATCTACCACTTCTTTCCAGACGTGACATCGTTATTAGGTACAATAACCTTACTACCTTTACTGATAGTCAATTCGACCAACTCGTCGCTTTCTGCATCTCAAGATTGGGAGGGGCTTACTACCCTGATTTCAAACAACTCAACAAGGTAGATAACTTCAGCCCTACACCTGCTTTTTCAGATGTTCAACTCACAAACACAGAAGTTTGTGTATTACGACCAGACATCTCTTTAATAAGCACAGGTAATGTCTCCAATCTTGCACGCGGAATCAGGAGATCGTGTCTTGGTTATACAACAGAGTTAGATGCATCTGACCTTTATAATGAGGGTTACATAGTGTCAGGTCAATGGTCGCCCAATATAACATTAGGCACAAGTACTACAAAGGGAACATCCGGCATAGCTACAGAGTTTGATGTTTACGAATTAGAGGTTCCTGCTATAAACGTGACCTCTATCACTCAATCAGATCAATATCGACGTCAAGCTGAGTTTAAATATGGCTCTTACATGCCTATGCGCGTTTGTGACGCACTAGCTTTAACATCTTCAGTTGAAACTCGACCCATAGTGGTTAAGAGTACTAGCGATACCGCACTCACTGATCCGGATGTAGTCATTCAAGACCTATGGCTACGTGGTTGGGCTATCGGGGTTGAACACATCAAAAATCTAAACCCACATTCCCAAGTACGAATAAAAGTGGTTGAAGATTTGGAATTAATCCCATCACCAAAATCAACATTTTCACCTTTTGCTAATCCAGCACATCCTGATGACACCGTTGCAATGAAGACTATTCGGGAGTTTTCTCGTAAAGAACCTCATGCATATGATGCTGATTTCAATCGGTTGAATAAAATGATGGGAAACATTATAAGATTTGTAGGCAATGCCGTTGGTTCTGCTAATATTCCAATACTATCAGGCTTAGCAAAACCATTAGCGAATTTTATAGCTAATAAAATTGATAGTAAACCCACTTATAATCAAAATATACCATTGGACTAGCCCTCCAATGAAGGCATGAGCGAGGCAACTTAGTTCATGTCTGTAGAATTATTCGTTGTCGCAGTTCTGAATCTGCGTTAACAAAATCAGTGGTGTAGGGGAAATGACATTTAGTACCCGCACTATCGGTTTGGTCAAAGCACTCAAACACAAACATCAACAACCCTGATGTTTGAGTGTTTTGAACAAAGTTTAACAGATTAAATATCTGGATGTCCCTGGAAGGAAAACCAGGTTAATAAACCCACTGAAATGGGACCTACCTGAGTAAGTGTTCGCAGTTCTGAATCTGCGTTAACAAAATCAGTGGTGTAGGGGAAATGACATTTAGTACCCGCACTATCGGTTTGGT
SRR25660809_c23	NP_694466.1	1747	302	40.3	8.51e-04	10.6	NP_694466.1 Vp8 	Kadipiro virus	GAGCAACAGTAGCAGCTAACGCTTTGGCTTGTTTCTTGGTTCCACAAGAAACTGATGGTCTATATTCAACGCCGTTAACTATACATTTCATAATAAAACTTTTCTTATGGTCAGGACCAACAGCCTCAACCATATCATATACAGGTAAATCCCATTTATGTTTTGAACAATGTTCTTGAAGAAATGAAATCGGGTTTCTACCTCTTGAAATTTCAGCTACATCGACAACTTGCGCTGGAATTTTGCTGACAGTTTCTTCTTCTGCTACTAAACCTTTGGTATCAAATTTCAGAGATGGAATAATAGGCTCAATTGTCCCTTTCTGATTTCTACCAAGTCCGGTGCCAGGTTGCCAACCCATTTTGAGCAATAAATGCATACCAATACCATCTTTGATTCTGTTGCCTTCCGAAAATTGTTCGATTCCAGCTCTAACGAATCGTCTCTCTTGCATTTGCGAGGCTGTGATTTCAGCTGCAATTGCAGCGGCCTGCTCATTTTGAAGAGCTTGTTCTTGCATTTTTGCAGTTATCAATCTTTCTGCTTCATAAATTTGTCTGATAGCAACCAAATTCAATGGATCTTCTTGAAGCTTTTTCTTGGCACTTAATCTTAAAGCCACAAGAGTACCTATTTCTGAACTATGTGTTGACGGCGCTATTTCTTGATCAGAAGTGGAACTCGTTACAGACATATCTGACTGATCTGTAGATTTTGAAGTTTCTTCTTTCGGGTCTGGAACTTCTTTGAAAACTCTTTTTTTGCTTTTTTCAGGTACTTTTGCCGGTGGTGGCATTTCAGGTTTCACTTCTATCCATTCCAATTCTTTTACTCTATGAGTATCTCCACTTGATACGGGAAACTTATCAGTTAATTCTTTCTGGATTTCTTTGGACGATCTAGTAGGTAACTGAGCGAAATCCCGAACCTTTATTTGAATATCTTTTCTTTCTTTCAGTTTAAATGGATGTCTGATTTTATCATACGCGCAAGGTTAGCCTTTGCAATTTGAAGCAATTTTTCTTTATCGACCTTTTCGATAACTGATTGACTTCTTGATCGGCTTCTTCGTCTTCTCTTTGTATGAGATGATCGATCACGACTACGGCTACGGCTACGGCTATGTGCTCGTCTTCGACTTCTACTACTGTGACCATGACTGGAACGTTGAGATTGATGATGTGAATCAGAATGGCGATCTTTATTTCGAGAATCCGATGAACTTGATAGATCTGTAGGGTCAATAGAATAATAGCCAAGACCTTTTCGTTCATCTGGACTGGGAGACTTCCTTTTTCTTTTCTTCTTCCGAGTTTTTGAATATTCATCCAAATTATAAAATGCGCTTTCTTTTGACTTTTTTTTCTTTTTCTTTCGTTCCTTGTCTGACTTATGTTTCTTCTTTTTCTTCTTATTCTCCTCGATCACTTCACCCTCCTCTGGAGAGCTTATGTCTTCCATTTTTCTTGATGCTCGGAACTGATAATTAACTGCAATCCATATTATAAAAAGCCAGGAAAAATCGATGGATTTTCAAGTCACTCATTGATTGATGGCCCTGTATATACACCAAATAAAAAAAACTAGTTAAAAATATTTACACTGACAAAATATTATAGCTTTTTAAATTCTAGGGAATATTAAAAGATAGGATTAACTCTTAATTGAAAATTATTTGAATCTTTCACTTATTCAGGTCCTTAATTTCAGGATGTTAACATAAAGTTCAAAACATAAAAAAAAAAAA
SRR25660809_c24	YP_010782214.1	1707	227	33.2	1.88e-25	35.9	YP_010782214.1 exonuclease 	Tupanvirus soda lake	CAAGCAGTCATTTACCCTGTTAGCCATATATCATTGTCCCATGTGTGTATTTTTCACTAAACATTGTGTGTGTCAATGGCTCTGTTTTATAGTATTTCATTTACACTTTCAATTAGTTTATTAATTTTTCATTAATTGCAGAAGGACAATCTTCCTTATTTACTTCTCTCTCTCCCTCTATACTCCTGTTGAAGGTTAATCGTGGTTAAACTGTCTTGTGTTTGTTGATAGTCTTTCTCCCTATCTTTTTCCTATTAACGTTTTCAAAACATTGTCATTTGAGTTTCCTTAGGTTCAACTTAACTCTTGTTATTCAGTTATTCCCTTGTTCCACTTTGACTCTGGTTAATTGTTGATTAATTTAATCCTCATTAACCAGTGTCAGTGTTGGTCAAGAGTGAAACCAAAGTTACCTTTTTATTGTTTGTGTTTATCGCCTGTTTGTTGATTTGTTTACCTTTTGTGTTTAAAACCTAAACGCTTATTTTGCTGCTACACTTCGCTTTCTGTATACCAGTTCGTTGGAAAATCGAATCAATTTGTGGCAATTTGAATGTCTGAATCAACTCTAAATCAACATTTTTTCTTTCAAGACTTTTCTCATCATAATTTTTTTCTACCTTTTCACTTTGATCATCAAGGAAAACAAAATCTTTGGTCCAGCTATTGGGATACTCACACTAGAATCAAATCTCCTTGTTCACCATCAAAAAAGAAACCATCAACAACTATGTATCAATTCAGAAATCCATACATAAATTATGACTATCAAACAGATTGTGATATTATTTGTGTAATCGATTTTGAAGCTACATGTGATAATTATGGAGGTCGCCGGCCACCCAACGATGCCATCATGGAGATCATTGAGTTTCCCGCATTCATGGTGGATACAAGAACGAGATCTGTGATCTCCACATTCCATGAATATGTTAGGCCAATAATAAATCCTAAACTATCAAATTTTTGTACACAACTCACTGGTATATCTCAACATATGGTAGACCAAGCAGATCCCTTTCCAAAAGTGTTGGAGCGATTTGAAAAGAATATTGCTAGTCTTCTTATAGAGAAAAATTATCGAACCTTCGCTATTGCGACTGATGGACCATGGGACATCGCTCATTTCTTAGCTCGACAATGTCAAATACATGGACTTGAGTTCCCAATATATGCTAAAAGGTGGATAAACCTGAAAAGAGTATATTCAGATTGCTATCAAGCTCATCCAATTTGTCTTGATAATATGCTTACTACTCTTGGAATCCGCTTCGAAGGAAAGAGACATTCTGGATACTATGATGCTCTTCATATAACAAAATTATTGCTAAAGATGCTGAATGATGGTGCTATACTCACCGTTAATGAAACTTTATCTTGGGACTCAGTTAGCAGAAAATGCTGGGGTAATATGGATTGTGGTTATATACCCTACAGCCCAGTTTCAGCGATATGCCTTTAACATCAACTATTGGATCAAATAGTAGTGAATATACCAAAGAATTTTTATACAATGATATATATATACACATATACATATACAGTAATTGTCTCCAACCAAAGAATTTTTATGAACTTACTCTTTATTAAAAAAATGCGATCATGATATCTATTTTAATATCTGAAATTCTTTTTTGCAAATAATAAACCATTTTTGATCTTATACACAATCTCTATTGATTTATGTTCACAATTGAAGGGTAGTAA
SRR25660809_c26	YP_009513188.1	1623	4619	98.2	0.0	94.1	YP_009513188.1 polyprotein 	Phaseolus vulgaris alphaendornavirus 1	GTAAAATCATTCTCAAAGAACCCAGCTACAGAATTGCATAGTCTTAATCGTGCTGATAACTCATCTGGCCGCAAGCCATCGGCATATACAATTTAGTCATGCAAAATAGCTTTCAACCGTCTTTTTGCCTCCACGAATACACTAGTGTACACTGCGCACACAGCCTTACGTTGCCAGACAATTATACGTGCCTGCTGTTGTTTCCAATAATCTATGGGATTATCTTTCAACAATGATTCTAACTTAAGATGTACATTGACATTACTTATGTGCTTGACACACAACTCACCAGATAACAACTGTAACAGCTCCTTAACAATCTTTGGGCAGTCCTTGTTATCATCAATCCATTGTTCAACATCTCTTTGTTTGATGATCAGTCTTTCACACTGGTACTGATTAACAATTGCTCTCCAATCACTACGGAAATATGTGTTAGCTAGATCTATAGCCACTTGCTTCGGTGCTGGTGTTATCGTACGTATGAATGCCACCGATTTAAGTCTACCTATAATACTGCGACCTTCTTCGAAGCATACTTTAGTGAGCACAGCTCTAGATCGTATAGGATATTTTGTCAGTGCTACTTTCTCCACAGTCTTAATCTTAGTAGGTATTTCCCTCATCTTAATTGTGCAATGATTGATTGGGCTGTATAGTGAAAGCCAATCAGTTAAATCATTGTTAGACCACAAATTAATAGCATTGAAATCTGGCAAATCGGATAAAGGTTCTAACACGGTGCCAGTATATGTGGATGTGTATGGGGCGATGTAAACATTCATTATTCCTGGGTCACTATCCTTTGTAGGATGATAGTCGTATTCCACTGGGTCATGAATCCATAAATAATTCATACACATCACATCTTCAAAAGTTGATACACGAGTATATTTCTTGTTGGTACTGGTTGCAGTCAAATTCCACCAATTCCCTGGTTTACTTACTTGTTTCGATTTAGGATCTTGCCATGAATCCCTGTCATGGTCTATAACTGGTTGGTTAATAGTTGCCCCACCATGCTTTACCTTTCTGATTAACAAATATATTGCAGGGAATATGAGCTGCTGGGCTTGAGTCTTGAGAGCTATTAAATTCATTTCTGGGGTGTCAGTTAATAATTTTACTTCAGGCGGGGGTCTAGATATATGCAAACTGCGCGGCAAATTACTAAACATTTCATTGATTTGCGAACTGATTATGCTATCATGTTCCCGTAAATTCATTAAAAGATCTTTAAGAGTTTCAGACGTTATCACCTGATCTACAAAATTTTCATCAATATGCAACCGCCTGACCAACTTTCGGTCTTGCCTTTTAAAATTAATGTCAAGAAATTTGACCTGATGATCTGTGGCTGCTGACTTAAGCAATACATTGTTTCTATTATGCAATATACCATTTAGATATTGACACATTAAATTTGCGTCTTCAAAATTCTCAAATTCACAATTGTAGTATAGCTCAGCGTTGATCAATACTAGCCTATTAATTGGTTCATTGTAACTAATTAAAAACTGATCAAGGGTTACTTCTCGTTTACTGTGAAATTTGACTTGTAAGGCTTGCTTCAGTATAGACAATTCATCGTGCATGTGATGACTCCTATTATCATAACTGCTA
SRR25660809_c27	YP_009551962.1	1526	802	79.5	9.26e-14	8.7	YP_009551962.1 coat protein 	Cherry virus Trakiya	TTTTAATGATTTATCTGTTTGTTTGTCATTTTATTTACAAGTCTATATCATTCTTGAGTTGAATTATGTTTGTATTGCATTCTAACTCGTCTGATATATCTCATCACACATAGTTTTGAAAGCCAAGAAAGTTTCTTCACCAGTGGGTTTTATAAACTCTTCAGGTAAGACAAATCCATGATCACCAGTATCTCGAAGTTCAAAAGTATAAGAGTACTTGATACCAGCTTCACCATAGGCCCAATCATCAGATCCACCAGAGGCGACATATAGAAGATTAGTAGCACTTCCAACAGTGAATGTAGTGCCATAAAGAGATTTTAAATTTGTGGCTGCCTTTTCGGCGACTCGGTACATTTCGTTGTAATGTTCGGGTAAATCAGTTGTCCAGCCCCATGGTAAGAGAATCAATTGTGAATAAGAATGGAAGCTGATATACATATCCCAGGGTCCATTTTTCAGGATGTATTGAGACATGGCTTTGGTTTCAGGTTCGGAGAATGGTTTTGGACCAGCAAAGATATCAGAGCATGCATTAGAACTTGATCCACCAGTTCCCCACTTGAAAGACCAATTTCGATTAGGATCAGTTCCACGGCAAATGTATCCCCATCTACTGTTGGTTTGAGATCTAGTTTTACGCCACATACGATTCGTTGTATGAGTGTATTCATAACCATCCGGATTGGCAAGCGGAAGTATAACAATGTCATATTTATTCAGAATTTGATCCACAGCTTCATCTTTACCAGCTGATGTAACCAACTTATTAATAAAGTACATAGCAGTTGATGGGCCAATCCATTCTCTAGCATGAAGACCAGCATCAATCCAGATTTTACGTTTACCATTGGATGCACCGTTACTTATCTTGATTATTTTCAGATCACGGCCTTCAAAAGATTTTCCAATAACTTCAACTGAAAGTCTTAACTTGTCGTTGGACTTGGCCATATCATCCAACATTGCCATAATCGTATCATAGCGTTGATAGGTGTTAAAGAATTGTTTTGTATTTGGTCGAGATCCTCGTAAGCCAAATGGAAATGGAAAACTTTGTCTTCCTTTAATTTCGTTCTCAGCATCTATACGTCTTTGAACATCATCAATCATCACACTTGGATTCAGAAGGTTTGATTTGAAGAGAGGAGTCAATTGAGACCGTGCTTCTGGAGACAACATTACATCCACAGACGCATTGAGATTACCTGGTGAAGTCCAGAAGTCAACACCTCGCTCCATTAGGAAAGTCTCATTATGGGCCAAGTCATAAAGAAATTTCAATTGTTCAACATTGGTCGGAATGAATCGAAGGACCGAATAATCATTGTATCGTTTGTAACAGGAAATTTCGGAAAAGGATTAAGAAGTGGACAAGGCTTGATAGATGATTTAGGTTCTTTATTTGGATTTGATTATCCTAATCGACCGCTTGGTCCTGAAAATAACATTAAGAAGTGGACAAGGCTTGATAGATGATTTAGGTTCTTTATTTGGATTTGATTATCCTAATCGACCGCTTGGTC
SRR23919708_c3	YP_009337696.1	6677	2001	88.4	0.0	56.7	YP_009337696.1 hypothetical protein 1 	Hubei picorna-like virus 78	TTTTTTTTTTTTTTTTGGGCTTTTATTTTAAAATATCATATCCATCGTTTCGCTATGAATGTGGTTCCCGGTATATGATATATTTATCCTGTTTAAAAACTGAGAAAAAACAGCGTTCTTCACCGTCTCGATTTAAGGGAAGGAGGGGGAATAATGTACTTAAATTGAAAATCATCACCAATTGATTGATAAATTATAGCTGAAGCAGTGATATTATCTGCACTTGGATTTGAATAAGTAAGATCCAAGTTACCGATAGAATCTGTTTGATCGGTTGCTTCCTCAGCTATTATCTTTGAATCGGCTGTGTAAAGTCGCCGATAAAGAGAGCGATGGGGTGTGGTGATTTCAATAGTTGGGTTTACTCGGAGATTCGATATATGAGAATATATAGAAGTCTCTGATAAATCTGCATCATTTGTTGTTAGAGGGGTCGATGTTCGAACAGGAACATAATAAGCATTAGTTGTTTGTGCTTGTTGACCGACTGTTACCCTAGCATTTGGTACATTAAATCTTGTGGGATCATGTGATACTGATAAGAGTAAGGGATTGTTAACTGTTGTATTATGAATAATAAAATAGTTGAGAGAACCTTGCCAGAAAGCATAAATATCTCGAAAATGAGCTATTAAGTTTCTCCAACGGGGATCTGGGAATAAGGTAGGGTCTACATTTCGTGGGGCTCGAAAATTTAATCCTGGAAGACTAGGAATTGTAACTTGAGTGGTATCTAGTGCTTCAATTTCAACTCGATAAGCAAATTGAGGGTAATATTTTTGAAGTAATACCCCTAGATTATGCTCAGAGTTATCTGATTGGAAGGATGCACTTTTGATGGTATTTTGTGATATTCCTATTCGGTTGGATTGTTCATTTGCCATACCATTACGAGTAGATTCATAAACAAGATCTAAACTTTGTAATGTTATGTAATTGATTTTCTGATATTGATTGCCCACGTCTTGACTAAACTGTAAACCATGTAAAGAATAATCTGGTCCTGCTTTTATATACACATTATAATTAATAGTTGATGATACAGTAGTGGGATGGGATAATTTATTATAGATGGCAAGATAGAAGATTCCAAGTGAATAGTCACTTAGAGCTTCTCCACTTGGTGTTCCATCTACAGTGGATATTTGATAATTTACATCGGGTACGTATCGGAAGGGAGTCTCGGAATTATAAGGGACAGAAAAAGAAAATTCTTTATTTAAAGATAAATCAAAAATTTCATTGGGATAAAGGGAAAGTTCTTCAATCGTTGGATCACGTCCTAAGAACAAGGAAGTTCTGGCATCCTCAGTTAACCTATCAAAAGGTAACCAAGCAGCAATTACTTTTCCCTTGTGTTGTTCTGTTCCAGCAAAAGAGATATGATAGTCTATCGATCCATTCCAAAAAGCAAAAGGTGCGGTTACATGTGATAAATAAGTGGGATAATAAACTCCTGTTGTAGTATTAGCTGATGGTAAAAATGGACAAACCATGGGTTCTATTGGTGTCTTGAATAAAATGGCACCAGAATTCTGGGAGTCCATCCATTCTCCAATTCTAATTAAAGATGGAATTTTTGCTACATTCAGAAGATTCATTTCTTGGTTAGGTGTTTCAATAATTACAGTTTTCTCTGGTACTAAAGATAGATGTTCAGTTGTTATACCAGTAGGATTCGATAAGGTGGGAGCTGAATTATTAACTTTTGTTTGTGTGGTCGTGTTATTTGGATTAGGAGGTGGATTTCCTTGTGTTGGTTTATCCAGGTTATTCATTGGGGGAGCTACAACAGATTGCGGTGGTAAGCTGGGCATCTTAGTTGCATCTCCAGAGGTTACTGTCTGATGGATGTTATGAAGAATATTCTGTATTTGGGGTGTATTCACATCGACTTTATTCCGTAAAACTTCGTCTGGTGAACCTCCCATAAACATTTGAGCAAGGTTTCCTCCAAGATCTTCTAAGTACTCCTCAAACCCTCCTTGAATTTCGATGTTAATATCATGGGCTAGAATTGGTAGACATATGTCATTCTGGGTCGGGTGCAAAGTCAATGCTAATTGTACAGATGTTGGTCCTCCAGTGCCAATTCTCAAAGGATTAAGAACAGCAACAACAATATCTCCAAAATCAGAGAAATCATCGGGGACATAAGTCGAAAAGAAGTCTTTAAGAGTAACAAAAGGAATATTTAGCATACCTGTGGTGGAATTGGCAGCATCGACATAAACACATGGGAATTGGACTTTAGAATAGATAGATTCTCTAAATTGAGTTCTCACCCCTGGTGGTACATAGTAAAATACTAATTTACCAGAATGAAAAGGAGATGAAGTCAATTTCAACTCAATTTTAGCTCCAGATCTAAAGAAAGCATTTCCTCTCAAATTTTGACCACCTGGCGATCGATTAAGAGTTTCAAAAATAGATAAAAGGGATGCAGTATATACAGTAGCATTTATTTCTTGATCAACAGACCAGCTGATGTTATTAGCAAAAACAATTGGTTTATGCAGAAGTTGTGTTGTTGAAAGTCCAGACGGATCAGACATTGCCTCTCTCTTATCAGATAAGAGAATAGGATGTCGACCCAAGACATTTTCAACTAGTGGTTGATTGTGTTCAAGAGAAATACTATTTAAAATTTTATTTTGTGTTGTATTGTAAGGTGTGTTTTGATTTAAGGTTTCCATGGTTAAAAGAAGTTCCCTGTGATAGCTTGATATTAACAAATTTACAGCTTTCCTCACTATAACTTACATTCTGGGACTATTCATCTTGTGATTCACTACCTGGGCAAAGAGACGTATTGGCTAAATAACCTCAATCTCCAGCTTATCTTTCGCTTCACACTAGAATAGTGGGATTTTCACCCTAAAACTTAAAAATTTCTAATCTTCGCTCTGAATGTCTCGTCTAATTCCTTATAAGTTAAAATAACCTGAGGGTAATTATTCGTGACAAGCCACTTGTTAAGATTATCCAAGTGCTGTTCAAAATACTCTCGGCCCCAATAATATGCTTCTCGAAGGGACTCGTGACAGTTAACCATCATAGCCTCTTCCATTGTATCAAGATGGGGTTGCAACCGATAAAATTGAATCATGTTCCGAATTGATGTTTTATCCAAAGCTCCTATCCACTTTACATATGGATGGTCAAAAGGAATGAAAGTCCGTTTCAAGAATGTTAATTCATGCAAATTTTTGTAAACAATTCCAGCATCAGATTTGTCAGCTGGTGTTACAGGGACTCCATAATCCTTATATATCTCTGTTAGTAAAGATAAATCAAACCATACCATACACTCAGGATGAACTGTGAAGATAATATCATCACCATAAGCCTTCATGTTGACGTTCCGTTTCCATTGGGGTATTCCATATTCCGTGGGTTTGCGATGTTTAGCTATTATTAAATATACCATACATAACATTAAGTAATTAACACAATTATTCAACTCCGTGGTCAGAGGATTTCCAGATGGATTTCCTCGTCTCTTCCGTGTGAGATATTTACCGACTAATGCATACGAGAATATCATATCCTCAAATGCTATTAATCGAGCTCGTTGATACTTCATGTCATCATTATACCATTTATTAATTGCTAAACAAACTCTTCTTGCCAATTGCCAAGTTACTGCTGTTCTATCAAACTTAAAGAAGTCCAAGTCCACTCCTTTCGGGCCTGTTGCACGCAAATCGTTGTACAAACTATTCCAATCAGGAGAGCAAGCATCAGTTCCAAGACAAGAAAAACTTTTAATCTTAGAAGCTTTCATTGCTGATGTAAACGATCCAAACAATCTTCTAACATTTATAAGAAAGGCAGTCTGAGCTACACAAAAAGTTCTCGTATTACCATTTTTAATTTTCGACAATTTAATTGGTTCAGATTTTAAAGCATGCGACCAGATACACGGATGGGTAATTCCGTTCATCCAATCATTCCATTGATCATCCACCATCTTTTGAAGGACAGGGTTTAGGATAGATATGTCATGCTTAACCAATTTACCAGTTTCATCATACAAGGGAGTTTCCACAAAATGTTCACGTTTTATTCCTTTTAAACCATAACCAGAAGATGTTTTCAAATTCAATGGTTCAGTGTATTCCAAACGATTACCATCAACCCATTTTCCATTCAGAGCAAAATCGATACTTTGAACCTTACGGTCTACTACATCATTGAATCTTGTAAATTCTCCGTAGAGTGCAGTGCTCGCAATATCCAGTTCATATTCAGGCCAGGGTATAGACTTATGTTCAAAATCTATAACACCACGAGTCAGAATATCTGGTTCTCCTCTAAACTCTGGGTCCATTCTATCATCATACATTGATAATACTGACAAATCTTTCTCTGCTGGGTAAATTTGATTAAAAAGGGGTGACCGGTGTAAATCCTTATGCCGTTTAGGAGTCAAAGGAGCATCATAAACTCTTCCAAAAAATTCAAACAACGGAGCGCCTTCACTATCCTGTAATGAAACAGGAACTTCACACGCTTGTGTTACAACATTAGGTTTCCCTGCTGTTATTTTTTCTACTTTCGGGAAGTAATCTAATAAATACTCTAAATCTTCTCTTGGTACGTTCATACTAAGACCACGATGTTGGGTGTGATCATATCCAAAATGTATTCCAAAGATCCGTGATTGAGACGTTCTATCCATTGAAACTAATAAAGATCCACAATCTCCTTCTTCAGATTGATAATCATAAGAATATCCATCTGAATAATACAAAGCAGTTCCATCATGGGTTAACTCATGTGGGATATCCCATCGGAGTGCTCTTCCAGTGTGTGCTTCCTCTACTCGTTTCAAAGTTCTATTCCATTTCAACATTTTACTATGAAAAACTTTGGTGTTTTGTAAATGAACTTTCTTGGCAAAATGCTGAATGTGTTTCCGTCCACTATCTAGCTGGTCAATTTCTACTAAAACTAAATCCTTAGTTTTAACTTTCCCATTTGATTCAACTAAATAGGGTTTGATCTTATCCTTAAGCAATATAACCTTGATTGATGGTTTATCATCTCTCAAAATCTCAACAGGTGTATCTTCAATCTCCTTTCCAAAGAAATGCCTTGGTAAAAGCCAAATCTTAAATGCGATGTTGAAACCATTCATAGATCTAGTGGCATAACCACCCTCAACCTCTTTCAGTCTCGAAAAACGAGCCATTGATCCTCGCAAATTCATATGAACTTGTTCAATATTATCAGGTTTTTCTTCATCTTGAATGGTAACTGCATTAGTCCTTGGTGCCATGGTAGTAATATCATACTTTTCAAGCATTATCTTATCAAACATCTCTGCTTTCTTTTCAGGGACCATTTCCAATAATTCTAGGATCTTTGCCTTTTCTTCTTCTGTTCCAGTGTAACCTGGGAAGAAAAACTTCTCTCCAAATTTCTTCAATCCTTCATTCTGTTGAATAACAACAGGGTTAGATCTCGGAGCCATTGTTTCTAAAGTATATCCTTGAATATCAAAAATGTCATCTTTCTCTTTTCCAAACAAAGAACTTAACAATTTATACATTGAAAAGATACTAACAAAGCCACCCAATGCCATTAAAACTTTCATCCAGGGAAATTTCTTTTCAGTTTCGCCTTTAATATAATCCCAATAATCCTTGAGTGACAGCAATGTTTCAGTATCCATTGAAAACTCTTCCGTATGGAACATTCTAACAAACTCTTCACTGGTTAAAACTCTTCCAAACTCATACTTACAAAAAACATCAAATTGCTTTTTAATATGTTCACTCGGTTCTTTGCTTGCTGTCATGACTGAACACAACTGGTCAAACTTTTGATTAACACATCTTTGCAATCTTATTTTTTCATAAATAATCTGCCGTTCTTTTGTAGCAAAGACTTCTTGGCTATCTACAGCATCGTAAAATTCCTGTTTAAATGGAGGTTTTGTAATAGGCGGAGTCGTACTCTCGTTCTCTATCACCTCCCCTGTTTCCGGGTTGATCCTAATAACATTAGCATCAGGCTGGTTATCCAAAACTTTCCGCAAATTGTTTTCTTTGACATGCAAAGCATCTGTCTGTGATTTTACATGATGCCAATACTTAGGAGCTAACCATTTGAAAAATTCATTAAACGTTTCATCATTGTCACCAAAACCTTGTTTAGGAAATTGAGCTACTGGTGCGCCCGAAATGGGATCTGTAAGCTCTAACCTAACTTTCTTAAAATCGCTCTTAGATGTTGCTAGATTACCATCAGACGGTGCTTCAGGTCTATCAACATGAATGACTACGTGTCTTCTCCTATTGAAAGCAGCGGGCGTCATAATCAATTCATTAGATGTCACTCCTTGTGAATTAGCAGCCATAATGATAACCTTAGATGAAAACATTCTTCCTTTGTCTTTCAGATCTGCCATGTTCAATTGCACTTGATTAGTTGATCCCATACCCATAATTTCATTAAATTCTGGGTTATCAGATTGTCGATTCTGACCAACATCATCATAAGCAACCGCAAACTGTCCTTTGTATTCCGACATATACTTATCAGCTGGATTTCGTGTGTAAAGCAATCCAGAACTCTTAGCCTCAATCGTTGGATCTATCGTTTTGTGCCAAGAATACATATTATTAATAATAGCATCTCTACACCAAGTCTTTCCAACTCCTGGTTTA
SRR23919708_c8	NP_733846.1	2746	807	25.6	1.45e-51	67.2	NP_733846.1 capsid protein precursor, partial 	Aphid lethal paralysis virus	ACCTGCTGATGTGGCTCACACCATGTCTAGCATCACTTTTGGTGATTTCGGAGGATCTGATAACCTTGATGAATGGGAAAATGGCCCTAGTCATACCTCTTCTCAAGGCTCAGAGGGAGGAACCCTTTTGGGACCTTCCGAATCCAAGAAATTTAACGATTCCACTGGGTTTATCTCAGAAGGAAAAGTTGAAACCAAAAGAATGGACGAACCAAAAGAAGATTTAACTCTTCTGTCCGCTCTTCACCCGACAGTTGAACAGAGACACTCTATAGAAACGATTATGTCCCGACCAGTTAATATAGGTACTATTACCTTTACTGCTCAATCATCACCTGGACAAATTTTAGGATCTTATGATGTTATAGACACCATTCGAACCAACTCTCGATTTAAATTATTGAGAGAAAAATTATCATCTTTCTATGGAGTTCATATGAACGCTCATTTAAAAGTCACTTTTAACGCTCAACCTATGGAGTCTGGTTTATTCCAGATATTTTTCATCCCTTTCTTTAGAACAGAAGGTTCAGTAGTAGATCCGTTACAGTTTACCTCTAATTATGAGAGCATGCTCCCATATACAACTGGCTGCCCAAATATTCCTTGTAATATATCAAAACAATCAGAACAAGAGTTGGCTATTCCATACACTGGTCCCGTCGCTTTTATTAATTTAACTAATATTCAGGCTGACTTCGGACGCTTCTTTGTCCAATCCATCGTACCTATTTCGGACAGTACAAACAACGCTTCGTGTGAAATTAGTGTTTACATGTATTTTACTAACATCAAGTTGTTTGGAACCACTGCAAACAATGTTATTGCTGTTCCACAAGGTCTTTCAGATATTAAACCATCTGAATGTGACGAAGATGCTATGAAGAAAGGTCCATTATCATCTATTGGATCTAATGTTTCCAATCTTGCTTCATCCGTTGCAGGGAAAAACAACCCTGTGACTCAGATTGGAAATACTTTGTTACCTATTTTAGACTCTTTAGGTCTATCAGCCCCCGACGCGAACCCAAATGTTGATCGTATGGTTATTAATCCATTTAGTTCACCCGCTACAATAGATACAACCGCTTCCCCCATGAAAGTTTCCTACATGTTCAAACATCATTTAGATATAGGACATCTTGGTGTTAACAACAAAGTTGATGAGATGGACCTTAAAACCATCGCTGCAAAACCATGTTATTACAATCAATTTACATGGAATACATCTAATCAGGCTGAAACACGTCTCTTTAGTTACTCCGTTGAACCCAATTGTCTTATAAAGAATGATACGAATGTGCCCGCTCCTACTCGATTCAGATTCGTTGCAAATAATTTTCGTTATTGGAGAGGTACTATTAAGTTCCTTTTCATGGTCGCTGCAAATCAGTTTCACTGCGGACGTTTACGTCTCGTTTACACCTTAGGTGGAACTTTGCCTGGCGAATTTGCTGATAACTATCCAAGAACTTTTTCCCAAGTTATTGACATCAGGAAGGGTGCTCACTTTATTGTTGAGTGTCCTTATTTTGCTAGCACTCCCTGGAGACTTGTTCCCCAGAGATGGAATGATACTACCAATCGTTATTTCGATTCCGATGCAGGTAGTCTTGATGATGTCCCAGCAATGCTTGAAATATTTGTTGAAAATGAATTGAGAGCAACTTCAACCACTTCTTCCTCTATCCAGATAGTTTGTTTCCAAGGATGTGGTTCAGACTTTGAATTTGCTTGTCCACTTGCTCCTCGATCTCGGCCTTACATCAATGCTGCCGTACCTGATGGAGTGGAGTTGGTTGCAGAACCTCAAGGTTTGGACTTTCAACCTATCAACATGGCTTCTGGACTCTCCCGATCACAACCCCATTCTTCAAAACCCCACAAATTCACTGTAGGAGAAGATATTTCATCTGTACGACAGTTGATAAAGAGATACCAATTTCTTGGTACTGGACAGGTTAATAACCCTGATTCTACTTTCGTTATATACCCATTCTTCAAAACCCCACAAATTCACTGTAGGAGAAGATATTTCATCTGTACGACAGTTGATAAAGAGATACCAATTTCTTGGTACTGGACAGGTTAATAACCCTGATTCTACTTTCGTTATATACCCATTTGCGATGATAAGACCAGAAGGCGTTCCGACTTTATCATATGACCATCTGGCAGTATTTTCTACTCTTTATCAGTTTAGGAGAGGATCAATTCGGTACATGCTTGTGCCGGATATAGCTGCTCGTTTTACTCTTCGCTATGATCCTGAACTGGGTGTCCAAGACACTCCAGTTATAGATCCCGCTATTCCTTTCGGTGATCTGGTCCCTATTCGAAATGTCATTTCTTTTCCAAGCGGTGTTGGGATTTTGGAACAAAATCTAACTGCTACAATACCTTTTGATACTAATCTCCAAGGTTCCATAGAAGTCGAGTTTCCCTATTATTCCAGATTCCATAAATTGAAAACTGCTGTTTTTAATCGTGATTCTATCAATGGACAATATTCTGGTATGATCCGAGAGGGCAGAGTTCCGGCTGGACTCGCCTTTTTCAGAGCTGATACTGACAACGCTTATTTTCTTAACGTGTATCGATCAGCTGCTGATGATTTTACCCTCGGATACTTATTAGGTGCTCCACTTACTATGTACAGAGATCGTTTATAAGTACCAAAAACATTAAAATTTTTAATTTGTTTCGTAATTGTTTTTAAATTTAAAATTTTGTCTTATTCGAGTTG
SRR23919708_c11	NP_044945.1	2618	1759	29.0	1.04e-47	54.0	NP_044945.1 replicase polyprotein 	Drosophila C virus	TGAAGGTGAAGCTCGCGATGAAGAACAACAACGAGTGGCTGATCAAGAAGATGAAAGTGATAGCGACGATAGTGGATACCATGAGCTCCCAGCACTTCGATTACGAGGTGTATTGCTCAATGGTCCGCAGCGTTTGAATCGCATTCTGAGAGAAAGATTAGCCGAACGAAATCGTGCTCTTCAAGAGTATCAAGCTGCCTATGATTTGTATCGAGCCCGAAGGATGCAAGATAATATTGCCTGGTATGTAAGAATTTGGAAAGATATGGAAGAATTACGAGCTGAATGGTCTGAACGTTATCGCCCTTTTGTTCGATACTTTTCACGGTTTACCATTATTTTAATGGCTGGAATTGCGATAACTGCAACGATGAAACAATGGTTTGGAACTTCAAAAATTGTAAATAAAGGCCCTATTGTAAATACTTTAGTCAAAAGTGCTTTAACGAATGTTGCGCTTGGTTTATCATCAGAAAGTCCCATGCTCTTTTACCCAACACTTGCTGGAGTTACTGTGGGAATGTTGACAACTGTAGTTCGAGATATTTTGTATCATGCTGTTTATCATCAAGTGTTTAATGTTGATTGTCCCACGTGTAATAAGCATCTGGAAATTGTGAAGAATGTTAAACCATCTGAATGTACGACTCCTCTTCCAGAATTGCTCGCTGAATTTGAATCAGCTCACCGACCTCAAGTTAAACCAGTTGCAAAATTTGAGGATGATGGCACTTATGAAATGGATTTTGGTATAGAACACCCACTTTATCCTTATGTTAAAATGCACCAGTACATCAAAGATCACTACAAAGGACGCTCAGATTTAACGAATGAACAGCAACTTGAAATTCTCGATGTTGTAAAGAAAGCTCGAGAGGAACGTAAACAATTTCTCAGAGGTGTCAAAACTGATGTAGAGTCGTCTATGAAAGTGCCAGCAAAAACTCCTGTTGTAAAATATGAGAGTGAGCTTAAAGATTTGTTTCCATCTCTTTATGAAAGTGGTCGATCTGCAGATGATTCGAAGAAAAAGAAAATTGTTTTAGAAGGTATTCGATGTCAACAAACTGAGAATTTGAAAAACATGTTAAGGAGAAATATCTGGTTGTGTGCCACGAGAATTGATGGAGTTGTTCATGATGTCGGTTTTATAACTGTAATTAAAGGACACAAGGCTCTTATCAATTATCACTACTTGCAGGTTATCTCCAAAGAATTTTCTGAGTGTTTAGAGAAAGATAAATTCGAAATATTTTTCCATCAACCCAATATGGCTGGTGGACATGTCGGTGATCTTAAAAGTATTGTTTTAAATGCAATTCCCATTCACCGAGGACAACATCAAACCGAATTCTATCTTATAACTTTGCCTAAAACCATGCAGCTTGGACGAGATTTGACCCACCATTTGATTGATCCTAAGAAAGCTTCTAGTTTAGCTCGAGGAGTTCCTCTACAACTTGTAACAATGCGTAAGGACTCTAATGAGAAATGGACCCCCTTCACTGTGGCTGGCCCATTGGAGCGAATTTCAGCTGTATGTCTACCTGACCTATGTATACCAGATAAACAACATATGTATTTGGAAAGTGTTTATTATGGAGCTCCAACTAAAGGTGGAGATTGTGGAAACCCGATTGTTATTGATTCTAATGAATTTCCGAAAAAGATTTTAGGTTTTCACTTTGCAGGACAACAAGGTCGAGGTATTTGCTCAGTTATAACATATGCTGATTTAGAACCGTATGTAAAAGATGAAAGCGCACTTGCAGATCCCGAACACATTAGTTTACATGAAGTAGAAGATTTTCCTTTAGAGAATTCCTCTTTTTATGTTCAAGGTGCCCCTGTTTATAAAATTTCCCACCCCACTAAATCATGTATTGAACCGAGTTTAGTTCATGGTTTGTTTGGTCCTCCTAAAATGCGTCCAGCTATCCTTGCTCCTCCTTTAAAACCTGATGGCCCAATGTTGAAAGCTTTAATGAAAAACGCTGGAGATATGTTTCCTTTAACTGACAGTTATATTTTTGCTGATATAAAGACGGATTATTTTAATACGTGTATTGCTCCCTTTACACCAACAGGGAATGAGCAGAAAATATTGACTTTCAAACAAGCTTGCATGGGTATTGAGGGAGATCAGTTTTTCCCACCTATAAAACGTGGAAAATCTGCTGGTTACCCTTATATGGCTCAAGCAACTAAAGGAAAAATTGATTGGTTTGGTAACGAGGAATGGGATTTCTCATCAGAGCAATGTAAACAGCTCAAGATTGATGTTCATAAAATGATCAATGATGCTCGTCTTGGTATTGTACCAGAAGCAATTTTTGTTGCTACTTTGAAAGATGAGAAGAGATTGAATGAAAAAGTTGATGCTTGTAAAACCCGTTCTTTTTCCGCATGTCCTATGCACTATTTGATTGCTTTTCGCCAGTATTTTGCTGGATTTATAGCTTTTATGGCTCGTAATAGAATAGGAAATGAAAGTGCAATAGGAACAAATGCTCATGGTTATGATTGGAAAGAAATTGTAAGACACTTAACACCATGGGAAAATGAACAAATGCTCATGGTTATGATTGGAAAGAAATTGTAAGACACTTAACACCATG
SRR23919708_c14	YP_003038596.1	1528	442	30.4	3.03e-38	58.5	YP_003038596.1 structural protein precursor 	Drosophila A virus	AGTTCAGACTATATCCGAACCAATAATGACCAGAAGTGCATCATCTCGTATGAAACGAATTACATCTCGTCTTGCTCTTTTGGAGAGAGAACTAGCCATGGCGGGGCATCAGCCCCCTATTTCTATGGTCGTTTCTCCTCCTCTACAGAACACTGCCAAGTCTACGAATCGTAGTAGGCGTCGTTCACGGCGGAAGAAGAACCCACAGAATTTGGCTAATGGACTTATCCAACCCTTTGAGAACTTTGGTCTTTCGCGAAAAGGTTACAACTCTAATACTAGAGTTGTACGCGGTGGTGATATTATTGCCACCGCATCCCTTTCCTCAAAAGATCCATCAGGAAAGGGGATCTTTCAGATCCCGATTAACCCTCGGAACTTTACCAATACTCGTCTCTATCAGGAGTCGAAACTTTGGGCTCGTTGGAGACCTCGGAAGCTACTATTTTCTGTAGTGTCTTCCGCACCTGCTATAAGCGGGGGTTCCTACGTTGGTGGCTGGACTGCGTCGACGGATGCCTCTTTTGGCTCGTCGACACATCTTCCCACCAAGATAGCTGCCCTCAATCCTTCTCTTACATGTCATATCACTAAGCCTCTTTGCTTGGTGGTCCCATGTACTGCTGAGCACCGGCTTCAACGCTGGTATCTCTGTGAAGGGATTGAGGAAGATACCACACATGGTATTCTTGCTTACGCTATCGTAGGTAACCTCCTTGCTTTTGAGGGAAATGTTTCCTTCACCCTATCTCTCGATTGGGAGGTAGAATTTGAAGGACCGGAATTTGATATTACCGAACAGGACCGCGTTTACGCGGAAGATGATTACACCCCTTACTTTACGGACTCGGTCTCTGACTGGGCCGAGGGTAAGAAGCTTTCTCTGAAAGCCCACGAGGGAGGTAACCTCGTCCCGTTCCCTAATTCCCTTCCCGGCGTCGTCTATGAGATCGACGACGGTGCCAGTTTAACATATTGGCAAAAAGGGACCGGAGGTGCCGCCGATACGAAAGTATCGATAAAATACGGTGTCCGGATTCCGAACTATTCCCATCCAGCTTTTGCAGTATTCGCTGATCTATCCAAAGCAAAGTCTTTTGCTAAGAATGGTGACTCGTCATACTGTCTGGAATATTACAAAGCAGGTCCGTTTGTCACACCGAACAATCCTGAATGGTCTCCGGTTTCGAAGACATCCAGTTTTTCGGTCGACCTTAGATCTCGCCCAAAGACCCGAGAATCGGGGGATTGGGTCCGGGTTTGACTGGTAGATTTTTGGTCCGTGATGATGATTCTATCATTCATCTTAAGACTTTGGATGCAATTTTTCCTATTATTGCTTCGATGGATAATACGATGAAGTCTATCTTCTCCCTTCTTAGGAGTCAAGATATCCTTTCTGGTATTGAAACCGGGCATGCAGTTAAAATTGTTCCTGTTCCAGTCAAACCTCCTTCTCTCCGTTCGGATCCTGAATTAGGATCCATAGCTCCCAAAACATCCTGACGCTATGTTCAGGTGTGCCGGG
